h01,h02,h03,h04,h05,h06,h13,h15,h16,h17,h18,h23,h24,h25
P0141,Consumer Price Index,CPA00000,All Items,,,Western Cape,,,Index,Dec 2024 = 100,RELEASE: 2026 07,START: 2008 01,monthly
P0141,Consumer Price Index,CPA01000,Food and non alcoholic beverages,,,Western Cape,,,Index,Dec 2024 = 100,RELEASE: 2026 07,START: 2008 01,monthly
P0141,Consumer Price Index,CPA01100,Food,,,Western Cape,,,Index,Dec 2024 = 100,RELEASE: 2026 07,START: 2008 01,monthly
P0141,Consumer Price Index,CPA01110,Cereal products,,,Western Cape,,,Index,Dec 2024 = 100,RELEASE: 2026 07,START: 2008 01,monthly
P0141,Consumer Price Index,CPA01120,Meat,,,Western Cape,,,Index,Dec 2024 = 100,RELEASE: 2026 07,START: 2008 01,monthly
P0141,Consumer Price Index,CPA01130,Fish and other seafood,,,Western Cape,,,Index,Dec 2024 = 100,RELEASE: 2026 07,START: 2008 01,monthly
P0141,Consumer Price Index,CPA01140,"Milk, other dairy products and eggs",,,Western Cape,,,Index,Dec 2024 = 100,RELEASE: 2026 07,START: 2008 01,monthly
P0141,Consumer Price Index,CPA01150,Oils and fats,,,Western Cape,,,Index,Dec 2024 = 100,RELEASE: 2026 07,START: 2008 01,monthly
P0141,Consumer Price Index,CPA01160,Fruits and nuts,,,Western Cape,,,Index,Dec 2024 = 100,RELEASE: 2026 07,START: 2008 01,monthly
P0141,Consumer Price Index,CPA01170,Vegetables,,,Western Cape,,,Index,Dec 2024 = 100,RELEASE: 2026 07,START: 2008 01,monthly
P0141,Consumer Price Index,CPA01180,"Sugar, confectionery and desserts",,,Western Cape,,,Index,Dec 2024 = 100,RELEASE: 2026 07,START: 2008 01,monthly
P0141,Consumer Price Index,CPA01190,Other food,,,Western Cape,,,Index,Dec 2024 = 100,RELEASE: 2026 07,START: 2008 01,monthly
P0141,Consumer Price Index,CPA01200,Non-alcoholic beverages,,,Western Cape,,,Index,Dec 2024 = 100,RELEASE: 2026 07,START: 2008 01,monthly
P0141,Consumer Price Index,CPA01210,Hot beverages,,,Western Cape,,,Index,Dec 2024 = 100,RELEASE: 2026 07,START: 2008 01,monthly
P0141,Consumer Price Index,CPA01220,Cold beverages,,,Western Cape,,,Index,Dec 2024 = 100,RELEASE: 2026 07,START: 2008 01,monthly
P0141,Consumer Price Index,CPA02000,Alcoholic beverages and tobacco,,,Western Cape,,,Index,Dec 2024 = 100,RELEASE: 2026 07,START: 2008 01,monthly
P0141,Consumer Price Index,CPA02100,Alcoholic beverages,,,Western Cape,,,Index,Dec 2024 = 100,RELEASE: 2026 07,START: 2008 01,monthly
P0141,Consumer Price Index,CPA02110,Spirits and liqueurs,,,Western Cape,,,Index,Dec 2024 = 100,RELEASE: 2026 07,START: 2008 01,monthly
P0141,Consumer Price Index,CPA02120,Wine,,,Western Cape,,,Index,Dec 2024 = 100,RELEASE: 2026 07,START: 2008 01,monthly
P0141,Consumer Price Index,CPA02130,Beer,,,Western Cape,,,Index,Dec 2024 = 100,RELEASE: 2026 07,START: 2008 01,monthly
P0141,Consumer Price Index,CPA02200,Tobacco,,,Western Cape,,,Index,Dec 2024 = 100,RELEASE: 2026 07,START: 2008 01,monthly
P0141,Consumer Price Index,CPA03000,Clothing and footwear,,,Western Cape,,,Index,Dec 2024 = 100,RELEASE: 2026 07,START: 2008 01,monthly
P0141,Consumer Price Index,CPA03100,Clothing,,,Western Cape,,,Index,Dec 2024 = 100,RELEASE: 2026 07,START: 2008 01,monthly
P0141,Consumer Price Index,CPA03200,Footwear,,,Western Cape,,,Index,Dec 2024 = 100,RELEASE: 2026 07,START: 2008 01,monthly
P0141,Consumer Price Index,CPA04000,Housing and utilities,,,Western Cape,,,Index,Dec 2024 = 100,RELEASE: 2026 07,START: 2008 01,monthly
P0141,Consumer Price Index,CPA04100,Actual rentals for housing,,,Western Cape,,,Index,Dec 2024 = 100,RELEASE: 2026 07,START: 2008 01,monthly
P0141,Consumer Price Index,CPA04200,Owners equivalent rent,,,Western Cape,,,Index,Dec 2024 = 100,RELEASE: 2026 07,START: 2008 01,monthly
P0141,Consumer Price Index,CPA04300,Maintenance and repair,,,Western Cape,,,Index,Dec 2024 = 100,RELEASE: 2026 07,START: 2008 01,monthly
P0141,Consumer Price Index,CPA04400,Water supply and miscellaneous services,,,Western Cape,,,Index,Dec 2024 = 100,RELEASE: 2026 07,START: 2008 01,monthly
P0141,Consumer Price Index,CPA04500,"Electricity, gas and other fuels",,,Western Cape,,,Index,Dec 2024 = 100,RELEASE: 2026 07,START: 2008 01,monthly
P0141,Consumer Price Index,CPA05000,"Furnishings, household equipment and routine maintenance",,,Western Cape,,,Index,Dec 2024 = 100,RELEASE: 2026 07,START: 2008 01,monthly
P0141,Consumer Price Index,CPA05100,"Furniture, furnishings and loose carpets",,,Western Cape,,,Index,Dec 2024 = 100,RELEASE: 2026 07,START: 2008 01,monthly
P0141,Consumer Price Index,CPA05300,"Household textiles, appliances, tableware and equipment",,,Western Cape,,,Index,Dec 2024 = 100,RELEASE: 2026 07,START: 2008 01,monthly
P0141,Consumer Price Index,CPA05600,Goods and services for routine household maintenance,,,Western Cape,,,Index,Dec 2024 = 100,RELEASE: 2026 07,START: 2008 01,monthly
P0141,Consumer Price Index,CPA06000,Health,,,Western Cape,,,Index,Dec 2024 = 100,RELEASE: 2026 07,START: 2008 01,monthly
P0141,Consumer Price Index,CPA06100,Medicines and health products,,,Western Cape,,,Index,Dec 2024 = 100,RELEASE: 2026 07,START: 2008 01,monthly
P0141,Consumer Price Index,CPA06200,Health services,,,Western Cape,,,Index,Dec 2024 = 100,RELEASE: 2026 07,START: 2008 01,monthly
P0141,Consumer Price Index,CPA07000,Transport,,,Western Cape,,,Index,Dec 2024 = 100,RELEASE: 2026 07,START: 2008 01,monthly
P0141,Consumer Price Index,CPA07100,Purchase of vehicles,,,Western Cape,,,Index,Dec 2024 = 100,RELEASE: 2026 07,START: 2008 01,monthly
P0141,Consumer Price Index,CPA07200,Operation of personal transport equipment,,,Western Cape,,,Index,Dec 2024 = 100,RELEASE: 2026 07,START: 2008 01,monthly
P0141,Consumer Price Index,CPA07221,Fuel,,,Western Cape,,,Index,Dec 2024 = 100,RELEASE: 2026 07,START: 2008 01,monthly
P0141,Consumer Price Index,CPA07222,Other goods and services,,,Western Cape,,,Index,Dec 2024 = 100,RELEASE: 2026 07,START: 2008 01,monthly
P0141,Consumer Price Index,CPA07300,Passenger transport services,,,Western Cape,,,Index,Dec 2024 = 100,RELEASE: 2026 07,START: 2008 01,monthly
P0141,Consumer Price Index,CPA07400,Transport services of goods,,,Western Cape,,,Index,Dec 2024 = 100,RELEASE: 2026 07,START: 2024 12,monthly
P0141,Consumer Price Index,CPA08000,Information and communication,,,Western Cape,,,Index,Dec 2024 = 100,RELEASE: 2026 07,START: 2008 01,monthly
P0141,Consumer Price Index,CPA08100,Information and communication equipment,,,Western Cape,,,Index,Dec 2024 = 100,RELEASE: 2026 07,START: 2008 01,monthly
P0141,Consumer Price Index,CPA08300,Information and communication services,,,Western Cape,,,Index,Dec 2024 = 100,RELEASE: 2026 07,START: 2008 01,monthly
P0141,Consumer Price Index,CPA09000,"Recreation, sport and culture",,,Western Cape,,,Index,Dec 2024 = 100,RELEASE: 2026 07,START: 2008 01,monthly
P0141,Consumer Price Index,CPA09100,Recreational goods,,,Western Cape,,,Index,Dec 2024 = 100,RELEASE: 2026 07,START: 2008 01,monthly
P0141,Consumer Price Index,CPA09400,Recreational and cultural services,,,Western Cape,,,Index,Dec 2024 = 100,RELEASE: 2026 07,START: 2008 01,monthly
P0141,Consumer Price Index,CPA09500,"Newspapers, books and stationery",,,Western Cape,,,Index,Dec 2024 = 100,RELEASE: 2026 07,START: 2008 01,monthly
P0141,Consumer Price Index,CPA09600,Package holidays,,,Western Cape,,,Index,Dec 2024 = 100,RELEASE: 2026 07,START: 2012 12,monthly
P0141,Consumer Price Index,CPA10000,Education services,,,Western Cape,,,Index,Dec 2024 = 100,RELEASE: 2026 07,START: 2008 01,monthly
P0141,Consumer Price Index,CPA11000,Restaurants and accommodation services,,,Western Cape,,,Index,Dec 2024 = 100,RELEASE: 2026 07,START: 2008 01,monthly
P0141,Consumer Price Index,CPA11100,Restaurants,,,Western Cape,,,Index,Dec 2024 = 100,RELEASE: 2026 07,START: 2008 01,monthly
P0141,Consumer Price Index,CPA11200,Accommodation services,,,Western Cape,,,Index,Dec 2024 = 100,RELEASE: 2026 07,START: 2008 01,monthly
P0141,Consumer Price Index,CPA12000,Insurance and financial services,,,Western Cape,,,Index,Dec 2024 = 100,RELEASE: 2026 07,START: 2024 12,monthly
P0141,Consumer Price Index,CPA12100,Insurance,,,Western Cape,,,Index,Dec 2024 = 100,RELEASE: 2026 07,START: 2008 01,monthly
P0141,Consumer Price Index,CPA12200,Financial services,,,Western Cape,,,Index,Dec 2024 = 100,RELEASE: 2026 07,START: 2008 01,monthly
P0141,Consumer Price Index,CPA13000,Personal care and miscellaneous services,,,Western Cape,,,Index,Dec 2024 = 100,RELEASE: 2026 07,START: 2008 01,monthly
P0141,Consumer Price Index,CPA13100,Personal care,,,Western Cape,,,Index,Dec 2024 = 100,RELEASE: 2026 07,START: 2008 01,monthly
P0141,Consumer Price Index,CPA13900,Other services,,,Western Cape,,,Index,Dec 2024 = 100,RELEASE: 2026 07,START: 2008 01,monthly
P0141,Consumer Price Index,CPB00000,All Items,,,Eastern Cape,,,Index,Dec 2024 = 100,RELEASE: 2026 07,START: 2008 01,monthly
P0141,Consumer Price Index,CPB01000,Food and non alcoholic beverages,,,Eastern Cape,,,Index,Dec 2024 = 100,RELEASE: 2026 07,START: 2008 01,monthly
P0141,Consumer Price Index,CPB01100,Food,,,Eastern Cape,,,Index,Dec 2024 = 100,RELEASE: 2026 07,START: 2008 01,monthly
P0141,Consumer Price Index,CPB01110,Cereal products,,,Eastern Cape,,,Index,Dec 2024 = 100,RELEASE: 2026 07,START: 2008 01,monthly
P0141,Consumer Price Index,CPB01120,Meat,,,Eastern Cape,,,Index,Dec 2024 = 100,RELEASE: 2026 07,START: 2008 01,monthly
P0141,Consumer Price Index,CPB01130,Fish and other seafood,,,Eastern Cape,,,Index,Dec 2024 = 100,RELEASE: 2026 07,START: 2008 01,monthly
P0141,Consumer Price Index,CPB01140,"Milk, other dairy products and eggs",,,Eastern Cape,,,Index,Dec 2024 = 100,RELEASE: 2026 07,START: 2008 01,monthly
P0141,Consumer Price Index,CPB01150,Oils and fats,,,Eastern Cape,,,Index,Dec 2024 = 100,RELEASE: 2026 07,START: 2008 01,monthly
P0141,Consumer Price Index,CPB01160,Fruits and nuts,,,Eastern Cape,,,Index,Dec 2024 = 100,RELEASE: 2026 07,START: 2008 01,monthly
P0141,Consumer Price Index,CPB01170,Vegetables,,,Eastern Cape,,,Index,Dec 2024 = 100,RELEASE: 2026 07,START: 2008 01,monthly
P0141,Consumer Price Index,CPB01180,"Sugar, confectionery and desserts",,,Eastern Cape,,,Index,Dec 2024 = 100,RELEASE: 2026 07,START: 2008 01,monthly
P0141,Consumer Price Index,CPB01190,Other food,,,Eastern Cape,,,Index,Dec 2024 = 100,RELEASE: 2026 07,START: 2008 01,monthly
P0141,Consumer Price Index,CPB01200,Non-alcoholic beverages,,,Eastern Cape,,,Index,Dec 2024 = 100,RELEASE: 2026 07,START: 2008 01,monthly
P0141,Consumer Price Index,CPB01210,Hot beverages,,,Eastern Cape,,,Index,Dec 2024 = 100,RELEASE: 2026 07,START: 2008 01,monthly
P0141,Consumer Price Index,CPB01220,Cold beverages,,,Eastern Cape,,,Index,Dec 2024 = 100,RELEASE: 2026 07,START: 2008 01,monthly
P0141,Consumer Price Index,CPB02000,Alcoholic beverages and tobacco,,,Eastern Cape,,,Index,Dec 2024 = 100,RELEASE: 2026 07,START: 2008 01,monthly
P0141,Consumer Price Index,CPB02100,Alcoholic beverages,,,Eastern Cape,,,Index,Dec 2024 = 100,RELEASE: 2026 07,START: 2008 01,monthly
P0141,Consumer Price Index,CPB02110,Spirits and liqueurs,,,Eastern Cape,,,Index,Dec 2024 = 100,RELEASE: 2026 07,START: 2008 01,monthly
P0141,Consumer Price Index,CPB02120,Wine,,,Eastern Cape,,,Index,Dec 2024 = 100,RELEASE: 2026 07,START: 2008 01,monthly
P0141,Consumer Price Index,CPB02130,Beer,,,Eastern Cape,,,Index,Dec 2024 = 100,RELEASE: 2026 07,START: 2008 01,monthly
P0141,Consumer Price Index,CPB02200,Tobacco,,,Eastern Cape,,,Index,Dec 2024 = 100,RELEASE: 2026 07,START: 2008 01,monthly
P0141,Consumer Price Index,CPB03000,Clothing and footwear,,,Eastern Cape,,,Index,Dec 2024 = 100,RELEASE: 2026 07,START: 2008 01,monthly
P0141,Consumer Price Index,CPB03100,Clothing,,,Eastern Cape,,,Index,Dec 2024 = 100,RELEASE: 2026 07,START: 2008 01,monthly
P0141,Consumer Price Index,CPB03200,Footwear,,,Eastern Cape,,,Index,Dec 2024 = 100,RELEASE: 2026 07,START: 2008 01,monthly
P0141,Consumer Price Index,CPB04000,Housing and utilities,,,Eastern Cape,,,Index,Dec 2024 = 100,RELEASE: 2026 07,START: 2008 01,monthly
P0141,Consumer Price Index,CPB04100,Actual rentals for housing,,,Eastern Cape,,,Index,Dec 2024 = 100,RELEASE: 2026 07,START: 2008 01,monthly
P0141,Consumer Price Index,CPB04200,Owners equivalent rent,,,Eastern Cape,,,Index,Dec 2024 = 100,RELEASE: 2026 07,START: 2008 01,monthly
P0141,Consumer Price Index,CPB04300,Maintenance and repair,,,Eastern Cape,,,Index,Dec 2024 = 100,RELEASE: 2026 07,START: 2008 01,monthly
P0141,Consumer Price Index,CPB04400,Water supply and miscellaneous services,,,Eastern Cape,,,Index,Dec 2024 = 100,RELEASE: 2026 07,START: 2008 01,monthly
P0141,Consumer Price Index,CPB04500,"Electricity, gas and other fuels",,,Eastern Cape,,,Index,Dec 2024 = 100,RELEASE: 2026 07,START: 2008 01,monthly
P0141,Consumer Price Index,CPB05000,"Furnishings, household equipment and routine maintenance",,,Eastern Cape,,,Index,Dec 2024 = 100,RELEASE: 2026 07,START: 2008 01,monthly
P0141,Consumer Price Index,CPB05100,"Furniture, furnishings and loose carpets",,,Eastern Cape,,,Index,Dec 2024 = 100,RELEASE: 2026 07,START: 2008 01,monthly
P0141,Consumer Price Index,CPB05300,"Household textiles, appliances, tableware and equipment",,,Eastern Cape,,,Index,Dec 2024 = 100,RELEASE: 2026 07,START: 2008 01,monthly
P0141,Consumer Price Index,CPB05600,Goods and services for routine household maintenance,,,Eastern Cape,,,Index,Dec 2024 = 100,RELEASE: 2026 07,START: 2008 01,monthly
P0141,Consumer Price Index,CPB06000,Health,,,Eastern Cape,,,Index,Dec 2024 = 100,RELEASE: 2026 07,START: 2008 01,monthly
P0141,Consumer Price Index,CPB06100,Medicines and health products,,,Eastern Cape,,,Index,Dec 2024 = 100,RELEASE: 2026 07,START: 2008 01,monthly
P0141,Consumer Price Index,CPB06200,Health services,,,Eastern Cape,,,Index,Dec 2024 = 100,RELEASE: 2026 07,START: 2008 01,monthly
P0141,Consumer Price Index,CPB07000,Transport,,,Eastern Cape,,,Index,Dec 2024 = 100,RELEASE: 2026 07,START: 2008 01,monthly
P0141,Consumer Price Index,CPB07100,Purchase of vehicles,,,Eastern Cape,,,Index,Dec 2024 = 100,RELEASE: 2026 07,START: 2008 01,monthly
P0141,Consumer Price Index,CPB07200,Operation of personal transport equipment,,,Eastern Cape,,,Index,Dec 2024 = 100,RELEASE: 2026 07,START: 2008 01,monthly
P0141,Consumer Price Index,CPB07221,Fuel,,,Eastern Cape,,,Index,Dec 2024 = 100,RELEASE: 2026 07,START: 2008 01,monthly
P0141,Consumer Price Index,CPB07222,Other goods and services,,,Eastern Cape,,,Index,Dec 2024 = 100,RELEASE: 2026 07,START: 2008 01,monthly
P0141,Consumer Price Index,CPB07300,Passenger transport services,,,Eastern Cape,,,Index,Dec 2024 = 100,RELEASE: 2026 07,START: 2008 01,monthly
P0141,Consumer Price Index,CPB07400,Transport services of goods,,,Eastern Cape,,,Index,Dec 2024 = 100,RELEASE: 2026 07,START: 2024 12,monthly
P0141,Consumer Price Index,CPB08000,Information and communication,,,Eastern Cape,,,Index,Dec 2024 = 100,RELEASE: 2026 07,START: 2008 01,monthly
P0141,Consumer Price Index,CPB08100,Information and communication equipment,,,Eastern Cape,,,Index,Dec 2024 = 100,RELEASE: 2026 07,START: 2008 01,monthly
P0141,Consumer Price Index,CPB08300,Information and communication services,,,Eastern Cape,,,Index,Dec 2024 = 100,RELEASE: 2026 07,START: 2008 01,monthly
P0141,Consumer Price Index,CPB09000,"Recreation, sport and culture",,,Eastern Cape,,,Index,Dec 2024 = 100,RELEASE: 2026 07,START: 2008 01,monthly
P0141,Consumer Price Index,CPB09100,Recreational goods,,,Eastern Cape,,,Index,Dec 2024 = 100,RELEASE: 2026 07,START: 2008 01,monthly
P0141,Consumer Price Index,CPB09400,Recreational and cultural services,,,Eastern Cape,,,Index,Dec 2024 = 100,RELEASE: 2026 07,START: 2008 01,monthly
P0141,Consumer Price Index,CPB09500,"Newspapers, books and stationery",,,Eastern Cape,,,Index,Dec 2024 = 100,RELEASE: 2026 07,START: 2008 01,monthly
P0141,Consumer Price Index,CPB09600,Package holidays,,,Eastern Cape,,,Index,Dec 2024 = 100,RELEASE: 2026 07,START: 2012 12,monthly
P0141,Consumer Price Index,CPB10000,Education services,,,Eastern Cape,,,Index,Dec 2024 = 100,RELEASE: 2026 07,START: 2008 01,monthly
P0141,Consumer Price Index,CPB11000,Restaurants and accommodation services,,,Eastern Cape,,,Index,Dec 2024 = 100,RELEASE: 2026 07,START: 2008 01,monthly
P0141,Consumer Price Index,CPB11100,Restaurants,,,Eastern Cape,,,Index,Dec 2024 = 100,RELEASE: 2026 07,START: 2008 01,monthly
P0141,Consumer Price Index,CPB11200,Accommodation services,,,Eastern Cape,,,Index,Dec 2024 = 100,RELEASE: 2026 07,START: 2008 01,monthly
P0141,Consumer Price Index,CPB12000,Insurance and financial services,,,Eastern Cape,,,Index,Dec 2024 = 100,RELEASE: 2026 07,START: 2024 12,monthly
P0141,Consumer Price Index,CPB12100,Insurance,,,Eastern Cape,,,Index,Dec 2024 = 100,RELEASE: 2026 07,START: 2008 01,monthly
P0141,Consumer Price Index,CPB12200,Financial services,,,Eastern Cape,,,Index,Dec 2024 = 100,RELEASE: 2026 07,START: 2008 01,monthly
P0141,Consumer Price Index,CPB13000,Personal care and miscellaneous services,,,Eastern Cape,,,Index,Dec 2024 = 100,RELEASE: 2026 07,START: 2008 01,monthly
P0141,Consumer Price Index,CPB13100,Personal care,,,Eastern Cape,,,Index,Dec 2024 = 100,RELEASE: 2026 07,START: 2008 01,monthly
P0141,Consumer Price Index,CPB13900,Other services,,,Eastern Cape,,,Index,Dec 2024 = 100,RELEASE: 2026 07,START: 2008 01,monthly
P0141,Consumer Price Index,CPC00000,All Items,,,Northern Cape,,,Index,Dec 2024 = 100,RELEASE: 2026 07,START: 2008 01,monthly
P0141,Consumer Price Index,CPC01000,Food and non alcoholic beverages,,,Northern Cape,,,Index,Dec 2024 = 100,RELEASE: 2026 07,START: 2008 01,monthly
P0141,Consumer Price Index,CPC01100,Food,,,Northern Cape,,,Index,Dec 2024 = 100,RELEASE: 2026 07,START: 2008 01,monthly
P0141,Consumer Price Index,CPC01110,Cereal products,,,Northern Cape,,,Index,Dec 2024 = 100,RELEASE: 2026 07,START: 2008 01,monthly
P0141,Consumer Price Index,CPC01120,Meat,,,Northern Cape,,,Index,Dec 2024 = 100,RELEASE: 2026 07,START: 2008 01,monthly
P0141,Consumer Price Index,CPC01130,Fish and other seafood,,,Northern Cape,,,Index,Dec 2024 = 100,RELEASE: 2026 07,START: 2008 01,monthly
P0141,Consumer Price Index,CPC01140,"Milk, other dairy products and eggs",,,Northern Cape,,,Index,Dec 2024 = 100,RELEASE: 2026 07,START: 2008 01,monthly
P0141,Consumer Price Index,CPC01150,Oils and fats,,,Northern Cape,,,Index,Dec 2024 = 100,RELEASE: 2026 07,START: 2008 01,monthly
P0141,Consumer Price Index,CPC01160,Fruits and nuts,,,Northern Cape,,,Index,Dec 2024 = 100,RELEASE: 2026 07,START: 2017 01,monthly
P0141,Consumer Price Index,CPC01170,Vegetables,,,Northern Cape,,,Index,Dec 2024 = 100,RELEASE: 2026 07,START: 2008 01,monthly
P0141,Consumer Price Index,CPC01180,"Sugar, confectionery and desserts",,,Northern Cape,,,Index,Dec 2024 = 100,RELEASE: 2026 07,START: 2008 01,monthly
P0141,Consumer Price Index,CPC01190,Other food,,,Northern Cape,,,Index,Dec 2024 = 100,RELEASE: 2026 07,START: 2008 01,monthly
P0141,Consumer Price Index,CPC01200,Non-alcoholic beverages,,,Northern Cape,,,Index,Dec 2024 = 100,RELEASE: 2026 07,START: 2008 01,monthly
P0141,Consumer Price Index,CPC01210,Hot beverages,,,Northern Cape,,,Index,Dec 2024 = 100,RELEASE: 2026 07,START: 2008 01,monthly
P0141,Consumer Price Index,CPC01220,Cold beverages,,,Northern Cape,,,Index,Dec 2024 = 100,RELEASE: 2026 07,START: 2008 01,monthly
P0141,Consumer Price Index,CPC02000,Alcoholic beverages and tobacco,,,Northern Cape,,,Index,Dec 2024 = 100,RELEASE: 2026 07,START: 2008 01,monthly
P0141,Consumer Price Index,CPC02100,Alcoholic beverages,,,Northern Cape,,,Index,Dec 2024 = 100,RELEASE: 2026 07,START: 2008 01,monthly
P0141,Consumer Price Index,CPC02110,Spirits and liqueurs,,,Northern Cape,,,Index,Dec 2024 = 100,RELEASE: 2026 07,START: 2008 01,monthly
P0141,Consumer Price Index,CPC02120,Wine,,,Northern Cape,,,Index,Dec 2024 = 100,RELEASE: 2026 07,START: 2008 01,monthly
P0141,Consumer Price Index,CPC02130,Beer,,,Northern Cape,,,Index,Dec 2024 = 100,RELEASE: 2026 07,START: 2008 01,monthly
P0141,Consumer Price Index,CPC02200,Tobacco,,,Northern Cape,,,Index,Dec 2024 = 100,RELEASE: 2026 07,START: 2008 01,monthly
P0141,Consumer Price Index,CPC03000,Clothing and footwear,,,Northern Cape,,,Index,Dec 2024 = 100,RELEASE: 2026 07,START: 2008 01,monthly
P0141,Consumer Price Index,CPC03100,Clothing,,,Northern Cape,,,Index,Dec 2024 = 100,RELEASE: 2026 07,START: 2008 01,monthly
P0141,Consumer Price Index,CPC03200,Footwear,,,Northern Cape,,,Index,Dec 2024 = 100,RELEASE: 2026 07,START: 2008 01,monthly
P0141,Consumer Price Index,CPC04000,Housing and utilities,,,Northern Cape,,,Index,Dec 2024 = 100,RELEASE: 2026 07,START: 2008 01,monthly
P0141,Consumer Price Index,CPC04100,Actual rentals for housing,,,Northern Cape,,,Index,Dec 2024 = 100,RELEASE: 2026 07,START: 2008 01,monthly
P0141,Consumer Price Index,CPC04200,Owners equivalent rent,,,Northern Cape,,,Index,Dec 2024 = 100,RELEASE: 2026 07,START: 2008 01,monthly
P0141,Consumer Price Index,CPC04300,Maintenance and repair,,,Northern Cape,,,Index,Dec 2024 = 100,RELEASE: 2026 07,START: 2008 01,monthly
P0141,Consumer Price Index,CPC04400,Water supply and miscellaneous services,,,Northern Cape,,,Index,Dec 2024 = 100,RELEASE: 2026 07,START: 2008 01,monthly
P0141,Consumer Price Index,CPC04500,"Electricity, gas and other fuels",,,Northern Cape,,,Index,Dec 2024 = 100,RELEASE: 2026 07,START: 2008 01,monthly
P0141,Consumer Price Index,CPC05000,"Furnishings, household equipment and routine maintenance",,,Northern Cape,,,Index,Dec 2024 = 100,RELEASE: 2026 07,START: 2008 01,monthly
P0141,Consumer Price Index,CPC05100,"Furniture, furnishings and loose carpets",,,Northern Cape,,,Index,Dec 2024 = 100,RELEASE: 2026 07,START: 2008 01,monthly
P0141,Consumer Price Index,CPC05300,"Household textiles, appliances, tableware and equipment",,,Northern Cape,,,Index,Dec 2024 = 100,RELEASE: 2026 07,START: 2008 01,monthly
P0141,Consumer Price Index,CPC05600,Goods and services for routine household maintenance,,,Northern Cape,,,Index,Dec 2024 = 100,RELEASE: 2026 07,START: 2008 01,monthly
P0141,Consumer Price Index,CPC06000,Health,,,Northern Cape,,,Index,Dec 2024 = 100,RELEASE: 2026 07,START: 2008 01,monthly
P0141,Consumer Price Index,CPC06100,Medicines and health products,,,Northern Cape,,,Index,Dec 2024 = 100,RELEASE: 2026 07,START: 2008 01,monthly
P0141,Consumer Price Index,CPC06200,Health services,,,Northern Cape,,,Index,Dec 2024 = 100,RELEASE: 2026 07,START: 2008 01,monthly
P0141,Consumer Price Index,CPC07000,Transport,,,Northern Cape,,,Index,Dec 2024 = 100,RELEASE: 2026 07,START: 2008 01,monthly
P0141,Consumer Price Index,CPC07100,Purchase of vehicles,,,Northern Cape,,,Index,Dec 2024 = 100,RELEASE: 2026 07,START: 2008 01,monthly
P0141,Consumer Price Index,CPC07200,Operation of personal transport equipment,,,Northern Cape,,,Index,Dec 2024 = 100,RELEASE: 2026 07,START: 2008 01,monthly
P0141,Consumer Price Index,CPC07221,Fuel,,,Northern Cape,,,Index,Dec 2024 = 100,RELEASE: 2026 07,START: 2008 01,monthly
P0141,Consumer Price Index,CPC07222,Other goods and services,,,Northern Cape,,,Index,Dec 2024 = 100,RELEASE: 2026 07,START: 2008 01,monthly
P0141,Consumer Price Index,CPC07300,Passenger transport services,,,Northern Cape,,,Index,Dec 2024 = 100,RELEASE: 2026 07,START: 2008 01,monthly
P0141,Consumer Price Index,CPC07400,Transport services of goods,,,Northern Cape,,,Index,Dec 2024 = 100,RELEASE: 2026 07,START: 2024 12,monthly
P0141,Consumer Price Index,CPC08000,Information and communication,,,Northern Cape,,,Index,Dec 2024 = 100,RELEASE: 2026 07,START: 2008 01,monthly
P0141,Consumer Price Index,CPC08100,Information and communication equipment,,,Northern Cape,,,Index,Dec 2024 = 100,RELEASE: 2026 07,START: 2008 01,monthly
P0141,Consumer Price Index,CPC08300,Information and communication services,,,Northern Cape,,,Index,Dec 2024 = 100,RELEASE: 2026 07,START: 2008 01,monthly
P0141,Consumer Price Index,CPC09000,"Recreation, sport and culture",,,Northern Cape,,,Index,Dec 2024 = 100,RELEASE: 2026 07,START: 2008 01,monthly
P0141,Consumer Price Index,CPC09100,Recreational goods,,,Northern Cape,,,Index,Dec 2024 = 100,RELEASE: 2026 07,START: 2008 01,monthly
P0141,Consumer Price Index,CPC09400,Recreational and cultural services,,,Northern Cape,,,Index,Dec 2024 = 100,RELEASE: 2026 07,START: 2008 01,monthly
P0141,Consumer Price Index,CPC09500,"Newspapers, books and stationery",,,Northern Cape,,,Index,Dec 2024 = 100,RELEASE: 2026 07,START: 2008 01,monthly
P0141,Consumer Price Index,CPC09600,Package holidays,,,Northern Cape,,,Index,Dec 2024 = 100,RELEASE: 2026 07,START: 2024 12,monthly
P0141,Consumer Price Index,CPC10000,Education services,,,Northern Cape,,,Index,Dec 2024 = 100,RELEASE: 2026 07,START: 2008 01,monthly
P0141,Consumer Price Index,CPC11000,Restaurants and accommodation services,,,Northern Cape,,,Index,Dec 2024 = 100,RELEASE: 2026 07,START: 2008 01,monthly
P0141,Consumer Price Index,CPC11100,Restaurants,,,Northern Cape,,,Index,Dec 2024 = 100,RELEASE: 2026 07,START: 2008 01,monthly
P0141,Consumer Price Index,CPC11200,Accommodation services,,,Northern Cape,,,Index,Dec 2024 = 100,RELEASE: 2026 07,START: 2008 01,monthly
P0141,Consumer Price Index,CPC12000,Insurance and financial services,,,Northern Cape,,,Index,Dec 2024 = 100,RELEASE: 2026 07,START: 2024 12,monthly
P0141,Consumer Price Index,CPC12100,Insurance,,,Northern Cape,,,Index,Dec 2024 = 100,RELEASE: 2026 07,START: 2008 01,monthly
P0141,Consumer Price Index,CPC12200,Financial services,,,Northern Cape,,,Index,Dec 2024 = 100,RELEASE: 2026 07,START: 2008 01,monthly
P0141,Consumer Price Index,CPC13000,Personal care and miscellaneous services,,,Northern Cape,,,Index,Dec 2024 = 100,RELEASE: 2026 07,START: 2008 01,monthly
P0141,Consumer Price Index,CPC13100,Personal care,,,Northern Cape,,,Index,Dec 2024 = 100,RELEASE: 2026 07,START: 2008 01,monthly
P0141,Consumer Price Index,CPC13900,Other services,,,Northern Cape,,,Index,Dec 2024 = 100,RELEASE: 2026 07,START: 2008 01,monthly
P0141,Consumer Price Index,CPD00000,All Items,,,Free State,,,Index,Dec 2024 = 100,RELEASE: 2026 07,START: 2008 01,monthly
P0141,Consumer Price Index,CPD01000,Food and non alcoholic beverages,,,Free State,,,Index,Dec 2024 = 100,RELEASE: 2026 07,START: 2008 01,monthly
P0141,Consumer Price Index,CPD01100,Food,,,Free State,,,Index,Dec 2024 = 100,RELEASE: 2026 07,START: 2008 01,monthly
P0141,Consumer Price Index,CPD01110,Cereal products,,,Free State,,,Index,Dec 2024 = 100,RELEASE: 2026 07,START: 2008 01,monthly
P0141,Consumer Price Index,CPD01120,Meat,,,Free State,,,Index,Dec 2024 = 100,RELEASE: 2026 07,START: 2008 01,monthly
P0141,Consumer Price Index,CPD01130,Fish and other seafood,,,Free State,,,Index,Dec 2024 = 100,RELEASE: 2026 07,START: 2008 01,monthly
P0141,Consumer Price Index,CPD01140,"Milk, other dairy products and eggs",,,Free State,,,Index,Dec 2024 = 100,RELEASE: 2026 07,START: 2008 01,monthly
P0141,Consumer Price Index,CPD01150,Oils and fats,,,Free State,,,Index,Dec 2024 = 100,RELEASE: 2026 07,START: 2008 01,monthly
P0141,Consumer Price Index,CPD01160,Fruits and nuts,,,Free State,,,Index,Dec 2024 = 100,RELEASE: 2026 07,START: 2008 01,monthly
P0141,Consumer Price Index,CPD01170,Vegetables,,,Free State,,,Index,Dec 2024 = 100,RELEASE: 2026 07,START: 2008 01,monthly
P0141,Consumer Price Index,CPD01180,"Sugar, confectionery and desserts",,,Free State,,,Index,Dec 2024 = 100,RELEASE: 2026 07,START: 2008 01,monthly
P0141,Consumer Price Index,CPD01190,Other food,,,Free State,,,Index,Dec 2024 = 100,RELEASE: 2026 07,START: 2008 01,monthly
P0141,Consumer Price Index,CPD01200,Non-alcoholic beverages,,,Free State,,,Index,Dec 2024 = 100,RELEASE: 2026 07,START: 2008 01,monthly
P0141,Consumer Price Index,CPD01210,Hot beverages,,,Free State,,,Index,Dec 2024 = 100,RELEASE: 2026 07,START: 2008 01,monthly
P0141,Consumer Price Index,CPD01220,Cold beverages,,,Free State,,,Index,Dec 2024 = 100,RELEASE: 2026 07,START: 2008 01,monthly
P0141,Consumer Price Index,CPD02000,Alcoholic beverages and tobacco,,,Free State,,,Index,Dec 2024 = 100,RELEASE: 2026 07,START: 2008 01,monthly
P0141,Consumer Price Index,CPD02100,Alcoholic beverages,,,Free State,,,Index,Dec 2024 = 100,RELEASE: 2026 07,START: 2008 01,monthly
P0141,Consumer Price Index,CPD02110,Spirits and liqueurs,,,Free State,,,Index,Dec 2024 = 100,RELEASE: 2026 07,START: 2008 01,monthly
P0141,Consumer Price Index,CPD02120,Wine,,,Free State,,,Index,Dec 2024 = 100,RELEASE: 2026 07,START: 2017 01,monthly
P0141,Consumer Price Index,CPD02130,Beer,,,Free State,,,Index,Dec 2024 = 100,RELEASE: 2026 07,START: 2008 01,monthly
P0141,Consumer Price Index,CPD02200,Tobacco,,,Free State,,,Index,Dec 2024 = 100,RELEASE: 2026 07,START: 2008 01,monthly
P0141,Consumer Price Index,CPD03000,Clothing and footwear,,,Free State,,,Index,Dec 2024 = 100,RELEASE: 2026 07,START: 2008 01,monthly
P0141,Consumer Price Index,CPD03100,Clothing,,,Free State,,,Index,Dec 2024 = 100,RELEASE: 2026 07,START: 2008 01,monthly
P0141,Consumer Price Index,CPD03200,Footwear,,,Free State,,,Index,Dec 2024 = 100,RELEASE: 2026 07,START: 2008 01,monthly
P0141,Consumer Price Index,CPD04000,Housing and utilities,,,Free State,,,Index,Dec 2024 = 100,RELEASE: 2026 07,START: 2008 01,monthly
P0141,Consumer Price Index,CPD04100,Actual rentals for housing,,,Free State,,,Index,Dec 2024 = 100,RELEASE: 2026 07,START: 2008 01,monthly
P0141,Consumer Price Index,CPD04200,Owners equivalent rent,,,Free State,,,Index,Dec 2024 = 100,RELEASE: 2026 07,START: 2008 01,monthly
P0141,Consumer Price Index,CPD04300,Maintenance and repair,,,Free State,,,Index,Dec 2024 = 100,RELEASE: 2026 07,START: 2008 01,monthly
P0141,Consumer Price Index,CPD04400,Water supply and miscellaneous services,,,Free State,,,Index,Dec 2024 = 100,RELEASE: 2026 07,START: 2008 01,monthly
P0141,Consumer Price Index,CPD04500,"Electricity, gas and other fuels",,,Free State,,,Index,Dec 2024 = 100,RELEASE: 2026 07,START: 2008 01,monthly
P0141,Consumer Price Index,CPD05000,"Furnishings, household equipment and routine maintenance",,,Free State,,,Index,Dec 2024 = 100,RELEASE: 2026 07,START: 2008 01,monthly
P0141,Consumer Price Index,CPD05100,"Furniture, furnishings and loose carpets",,,Free State,,,Index,Dec 2024 = 100,RELEASE: 2026 07,START: 2008 01,monthly
P0141,Consumer Price Index,CPD05300,"Household textiles, appliances, tableware and equipment",,,Free State,,,Index,Dec 2024 = 100,RELEASE: 2026 07,START: 2008 01,monthly
P0141,Consumer Price Index,CPD05600,Goods and services for routine household maintenance,,,Free State,,,Index,Dec 2024 = 100,RELEASE: 2026 07,START: 2008 01,monthly
P0141,Consumer Price Index,CPD06000,Health,,,Free State,,,Index,Dec 2024 = 100,RELEASE: 2026 07,START: 2008 01,monthly
P0141,Consumer Price Index,CPD06100,Medicines and health products,,,Free State,,,Index,Dec 2024 = 100,RELEASE: 2026 07,START: 2008 01,monthly
P0141,Consumer Price Index,CPD06200,Health services,,,Free State,,,Index,Dec 2024 = 100,RELEASE: 2026 07,START: 2008 01,monthly
P0141,Consumer Price Index,CPD07000,Transport,,,Free State,,,Index,Dec 2024 = 100,RELEASE: 2026 07,START: 2008 01,monthly
P0141,Consumer Price Index,CPD07100,Purchase of vehicles,,,Free State,,,Index,Dec 2024 = 100,RELEASE: 2026 07,START: 2008 01,monthly
P0141,Consumer Price Index,CPD07200,Operation of personal transport equipment,,,Free State,,,Index,Dec 2024 = 100,RELEASE: 2026 07,START: 2008 01,monthly
P0141,Consumer Price Index,CPD07221,Fuel,,,Free State,,,Index,Dec 2024 = 100,RELEASE: 2026 07,START: 2008 01,monthly
P0141,Consumer Price Index,CPD07222,Other goods and services,,,Free State,,,Index,Dec 2024 = 100,RELEASE: 2026 07,START: 2008 01,monthly
P0141,Consumer Price Index,CPD07300,Passenger transport services,,,Free State,,,Index,Dec 2024 = 100,RELEASE: 2026 07,START: 2008 01,monthly
P0141,Consumer Price Index,CPD07400,Transport services of goods,,,Free State,,,Index,Dec 2024 = 100,RELEASE: 2026 07,START: 2024 12,monthly
P0141,Consumer Price Index,CPD08000,Information and communication,,,Free State,,,Index,Dec 2024 = 100,RELEASE: 2026 07,START: 2008 01,monthly
P0141,Consumer Price Index,CPD08100,Information and communication equipment,,,Free State,,,Index,Dec 2024 = 100,RELEASE: 2026 07,START: 2008 01,monthly
P0141,Consumer Price Index,CPD08300,Information and communication services,,,Free State,,,Index,Dec 2024 = 100,RELEASE: 2026 07,START: 2008 01,monthly
P0141,Consumer Price Index,CPD09000,"Recreation, sport and culture",,,Free State,,,Index,Dec 2024 = 100,RELEASE: 2026 07,START: 2008 01,monthly
P0141,Consumer Price Index,CPD09100,Recreational goods,,,Free State,,,Index,Dec 2024 = 100,RELEASE: 2026 07,START: 2008 01,monthly
P0141,Consumer Price Index,CPD09400,Recreational and cultural services,,,Free State,,,Index,Dec 2024 = 100,RELEASE: 2026 07,START: 2008 01,monthly
P0141,Consumer Price Index,CPD09500,"Newspapers, books and stationery",,,Free State,,,Index,Dec 2024 = 100,RELEASE: 2026 07,START: 2008 01,monthly
P0141,Consumer Price Index,CPD09600,Package holidays,,,Free State,,,Index,Dec 2024 = 100,RELEASE: 2026 07,START: 2024 12,monthly
P0141,Consumer Price Index,CPD10000,Education services,,,Free State,,,Index,Dec 2024 = 100,RELEASE: 2026 07,START: 2008 01,monthly
P0141,Consumer Price Index,CPD11000,Restaurants and accommodation services,,,Free State,,,Index,Dec 2024 = 100,RELEASE: 2026 07,START: 2008 01,monthly
P0141,Consumer Price Index,CPD11100,Restaurants,,,Free State,,,Index,Dec 2024 = 100,RELEASE: 2026 07,START: 2008 01,monthly
P0141,Consumer Price Index,CPD11200,Accommodation services,,,Free State,,,Index,Dec 2024 = 100,RELEASE: 2026 07,START: 2008 01,monthly
P0141,Consumer Price Index,CPD12000,Insurance and financial services,,,Free State,,,Index,Dec 2024 = 100,RELEASE: 2026 07,START: 2024 12,monthly
P0141,Consumer Price Index,CPD12100,Insurance,,,Free State,,,Index,Dec 2024 = 100,RELEASE: 2026 07,START: 2008 01,monthly
P0141,Consumer Price Index,CPD12200,Financial services,,,Free State,,,Index,Dec 2024 = 100,RELEASE: 2026 07,START: 2008 01,monthly
P0141,Consumer Price Index,CPD13000,Personal care and miscellaneous services,,,Free State,,,Index,Dec 2024 = 100,RELEASE: 2026 07,START: 2008 01,monthly
P0141,Consumer Price Index,CPD13100,Personal care,,,Free State,,,Index,Dec 2024 = 100,RELEASE: 2026 07,START: 2008 01,monthly
P0141,Consumer Price Index,CPD13900,Other services,,,Free State,,,Index,Dec 2024 = 100,RELEASE: 2026 07,START: 2008 01,monthly
P0141,Consumer Price Index,CPE00000,All Items,,,Kwazulu-Natal,,,Index,Dec 2024 = 100,RELEASE: 2026 07,START: 2008 01,monthly
P0141,Consumer Price Index,CPE01000,Food and non alcoholic beverages,,,Kwazulu-Natal,,,Index,Dec 2024 = 100,RELEASE: 2026 07,START: 2008 01,monthly
P0141,Consumer Price Index,CPE01100,Food,,,Kwazulu-Natal,,,Index,Dec 2024 = 100,RELEASE: 2026 07,START: 2008 01,monthly
P0141,Consumer Price Index,CPE01110,Cereal products,,,Kwazulu-Natal,,,Index,Dec 2024 = 100,RELEASE: 2026 07,START: 2008 01,monthly
P0141,Consumer Price Index,CPE01120,Meat,,,Kwazulu-Natal,,,Index,Dec 2024 = 100,RELEASE: 2026 07,START: 2008 01,monthly
P0141,Consumer Price Index,CPE01130,Fish and other seafood,,,Kwazulu-Natal,,,Index,Dec 2024 = 100,RELEASE: 2026 07,START: 2008 01,monthly
P0141,Consumer Price Index,CPE01140,"Milk, other dairy products and eggs",,,Kwazulu-Natal,,,Index,Dec 2024 = 100,RELEASE: 2026 07,START: 2008 01,monthly
P0141,Consumer Price Index,CPE01150,Oils and fats,,,Kwazulu-Natal,,,Index,Dec 2024 = 100,RELEASE: 2026 07,START: 2008 01,monthly
P0141,Consumer Price Index,CPE01160,Fruits and nuts,,,Kwazulu-Natal,,,Index,Dec 2024 = 100,RELEASE: 2026 07,START: 2008 01,monthly
P0141,Consumer Price Index,CPE01170,Vegetables,,,Kwazulu-Natal,,,Index,Dec 2024 = 100,RELEASE: 2026 07,START: 2008 01,monthly
P0141,Consumer Price Index,CPE01180,"Sugar, confectionery and desserts",,,Kwazulu-Natal,,,Index,Dec 2024 = 100,RELEASE: 2026 07,START: 2008 01,monthly
P0141,Consumer Price Index,CPE01190,Other food,,,Kwazulu-Natal,,,Index,Dec 2024 = 100,RELEASE: 2026 07,START: 2008 01,monthly
P0141,Consumer Price Index,CPE01200,Non-alcoholic beverages,,,Kwazulu-Natal,,,Index,Dec 2024 = 100,RELEASE: 2026 07,START: 2008 01,monthly
P0141,Consumer Price Index,CPE01210,Hot beverages,,,Kwazulu-Natal,,,Index,Dec 2024 = 100,RELEASE: 2026 07,START: 2008 01,monthly
P0141,Consumer Price Index,CPE01220,Cold beverages,,,Kwazulu-Natal,,,Index,Dec 2024 = 100,RELEASE: 2026 07,START: 2008 01,monthly
P0141,Consumer Price Index,CPE02000,Alcoholic beverages and tobacco,,,Kwazulu-Natal,,,Index,Dec 2024 = 100,RELEASE: 2026 07,START: 2008 01,monthly
P0141,Consumer Price Index,CPE02100,Alcoholic beverages,,,Kwazulu-Natal,,,Index,Dec 2024 = 100,RELEASE: 2026 07,START: 2008 01,monthly
P0141,Consumer Price Index,CPE02110,Spirits and liqueurs,,,Kwazulu-Natal,,,Index,Dec 2024 = 100,RELEASE: 2026 07,START: 2008 01,monthly
P0141,Consumer Price Index,CPE02120,Wine,,,Kwazulu-Natal,,,Index,Dec 2024 = 100,RELEASE: 2026 07,START: 2008 01,monthly
P0141,Consumer Price Index,CPE02130,Beer,,,Kwazulu-Natal,,,Index,Dec 2024 = 100,RELEASE: 2026 07,START: 2008 01,monthly
P0141,Consumer Price Index,CPE02200,Tobacco,,,Kwazulu-Natal,,,Index,Dec 2024 = 100,RELEASE: 2026 07,START: 2008 01,monthly
P0141,Consumer Price Index,CPE03000,Clothing and footwear,,,Kwazulu-Natal,,,Index,Dec 2024 = 100,RELEASE: 2026 07,START: 2008 01,monthly
P0141,Consumer Price Index,CPE03100,Clothing,,,Kwazulu-Natal,,,Index,Dec 2024 = 100,RELEASE: 2026 07,START: 2008 01,monthly
P0141,Consumer Price Index,CPE03200,Footwear,,,Kwazulu-Natal,,,Index,Dec 2024 = 100,RELEASE: 2026 07,START: 2008 01,monthly
P0141,Consumer Price Index,CPE04000,Housing and utilities,,,Kwazulu-Natal,,,Index,Dec 2024 = 100,RELEASE: 2026 07,START: 2008 01,monthly
P0141,Consumer Price Index,CPE04100,Actual rentals for housing,,,Kwazulu-Natal,,,Index,Dec 2024 = 100,RELEASE: 2026 07,START: 2008 01,monthly
P0141,Consumer Price Index,CPE04200,Owners equivalent rent,,,Kwazulu-Natal,,,Index,Dec 2024 = 100,RELEASE: 2026 07,START: 2008 01,monthly
P0141,Consumer Price Index,CPE04300,Maintenance and repair,,,Kwazulu-Natal,,,Index,Dec 2024 = 100,RELEASE: 2026 07,START: 2008 01,monthly
P0141,Consumer Price Index,CPE04400,Water supply and miscellaneous services,,,Kwazulu-Natal,,,Index,Dec 2024 = 100,RELEASE: 2026 07,START: 2008 01,monthly
P0141,Consumer Price Index,CPE04500,"Electricity, gas and other fuels",,,Kwazulu-Natal,,,Index,Dec 2024 = 100,RELEASE: 2026 07,START: 2008 01,monthly
P0141,Consumer Price Index,CPE05000,"Furnishings, household equipment and routine maintenance",,,Kwazulu-Natal,,,Index,Dec 2024 = 100,RELEASE: 2026 07,START: 2008 01,monthly
P0141,Consumer Price Index,CPE05100,"Furniture, furnishings and loose carpets",,,Kwazulu-Natal,,,Index,Dec 2024 = 100,RELEASE: 2026 07,START: 2008 01,monthly
P0141,Consumer Price Index,CPE05300,"Household textiles, appliances, tableware and equipment",,,Kwazulu-Natal,,,Index,Dec 2024 = 100,RELEASE: 2026 07,START: 2008 01,monthly
P0141,Consumer Price Index,CPE05600,Goods and services for routine household maintenance,,,Kwazulu-Natal,,,Index,Dec 2024 = 100,RELEASE: 2026 07,START: 2008 01,monthly
P0141,Consumer Price Index,CPE06000,Health,,,Kwazulu-Natal,,,Index,Dec 2024 = 100,RELEASE: 2026 07,START: 2008 01,monthly
P0141,Consumer Price Index,CPE06100,Medicines and health products,,,Kwazulu-Natal,,,Index,Dec 2024 = 100,RELEASE: 2026 07,START: 2008 01,monthly
P0141,Consumer Price Index,CPE06200,Health services,,,Kwazulu-Natal,,,Index,Dec 2024 = 100,RELEASE: 2026 07,START: 2008 01,monthly
P0141,Consumer Price Index,CPE07000,Transport,,,Kwazulu-Natal,,,Index,Dec 2024 = 100,RELEASE: 2026 07,START: 2008 01,monthly
P0141,Consumer Price Index,CPE07100,Purchase of vehicles,,,Kwazulu-Natal,,,Index,Dec 2024 = 100,RELEASE: 2026 07,START: 2008 01,monthly
P0141,Consumer Price Index,CPE07200,Operation of personal transport equipment,,,Kwazulu-Natal,,,Index,Dec 2024 = 100,RELEASE: 2026 07,START: 2008 01,monthly
P0141,Consumer Price Index,CPE07221,Fuel,,,Kwazulu-Natal,,,Index,Dec 2024 = 100,RELEASE: 2026 07,START: 2008 01,monthly
P0141,Consumer Price Index,CPE07222,Other goods and services,,,Kwazulu-Natal,,,Index,Dec 2024 = 100,RELEASE: 2026 07,START: 2008 01,monthly
P0141,Consumer Price Index,CPE07300,Passenger transport services,,,Kwazulu-Natal,,,Index,Dec 2024 = 100,RELEASE: 2026 07,START: 2008 01,monthly
P0141,Consumer Price Index,CPE07400,Transport services of goods,,,Kwazulu-Natal,,,Index,Dec 2024 = 100,RELEASE: 2026 07,START: 2024 12,monthly
P0141,Consumer Price Index,CPE08000,Information and communication,,,Kwazulu-Natal,,,Index,Dec 2024 = 100,RELEASE: 2026 07,START: 2008 01,monthly
P0141,Consumer Price Index,CPE08100,Information and communication equipment,,,Kwazulu-Natal,,,Index,Dec 2024 = 100,RELEASE: 2026 07,START: 2008 01,monthly
P0141,Consumer Price Index,CPE08300,Information and communication services,,,Kwazulu-Natal,,,Index,Dec 2024 = 100,RELEASE: 2026 07,START: 2008 01,monthly
P0141,Consumer Price Index,CPE09000,"Recreation, sport and culture",,,Kwazulu-Natal,,,Index,Dec 2024 = 100,RELEASE: 2026 07,START: 2008 01,monthly
P0141,Consumer Price Index,CPE09100,Recreational goods,,,Kwazulu-Natal,,,Index,Dec 2024 = 100,RELEASE: 2026 07,START: 2008 01,monthly
P0141,Consumer Price Index,CPE09400,Recreational and cultural services,,,Kwazulu-Natal,,,Index,Dec 2024 = 100,RELEASE: 2026 07,START: 2008 01,monthly
P0141,Consumer Price Index,CPE09500,"Newspapers, books and stationery",,,Kwazulu-Natal,,,Index,Dec 2024 = 100,RELEASE: 2026 07,START: 2008 01,monthly
P0141,Consumer Price Index,CPE09600,Package holidays,,,Kwazulu-Natal,,,Index,Dec 2024 = 100,RELEASE: 2026 07,START: 2012 12,monthly
P0141,Consumer Price Index,CPE10000,Education services,,,Kwazulu-Natal,,,Index,Dec 2024 = 100,RELEASE: 2026 07,START: 2008 01,monthly
P0141,Consumer Price Index,CPE11000,Restaurants and accommodation services,,,Kwazulu-Natal,,,Index,Dec 2024 = 100,RELEASE: 2026 07,START: 2008 01,monthly
P0141,Consumer Price Index,CPE11100,Restaurants,,,Kwazulu-Natal,,,Index,Dec 2024 = 100,RELEASE: 2026 07,START: 2008 01,monthly
P0141,Consumer Price Index,CPE11200,Accommodation services,,,Kwazulu-Natal,,,Index,Dec 2024 = 100,RELEASE: 2026 07,START: 2008 01,monthly
P0141,Consumer Price Index,CPE12000,Insurance and financial services,,,Kwazulu-Natal,,,Index,Dec 2024 = 100,RELEASE: 2026 07,START: 2024 12,monthly
P0141,Consumer Price Index,CPE12100,Insurance,,,Kwazulu-Natal,,,Index,Dec 2024 = 100,RELEASE: 2026 07,START: 2008 01,monthly
P0141,Consumer Price Index,CPE12200,Financial services,,,Kwazulu-Natal,,,Index,Dec 2024 = 100,RELEASE: 2026 07,START: 2008 01,monthly
P0141,Consumer Price Index,CPE13000,Personal care and miscellaneous services,,,Kwazulu-Natal,,,Index,Dec 2024 = 100,RELEASE: 2026 07,START: 2008 01,monthly
P0141,Consumer Price Index,CPE13100,Personal care,,,Kwazulu-Natal,,,Index,Dec 2024 = 100,RELEASE: 2026 07,START: 2008 01,monthly
P0141,Consumer Price Index,CPE13900,Other services,,,Kwazulu-Natal,,,Index,Dec 2024 = 100,RELEASE: 2026 07,START: 2008 01,monthly
P0141,Consumer Price Index,CPF00000,All Items,,,North-West,,,Index,Dec 2024 = 100,RELEASE: 2026 07,START: 2008 01,monthly
P0141,Consumer Price Index,CPF01000,Food and non alcoholic beverages,,,North-West,,,Index,Dec 2024 = 100,RELEASE: 2026 07,START: 2008 01,monthly
P0141,Consumer Price Index,CPF01100,Food,,,North-West,,,Index,Dec 2024 = 100,RELEASE: 2026 07,START: 2008 01,monthly
P0141,Consumer Price Index,CPF01110,Cereal products,,,North-West,,,Index,Dec 2024 = 100,RELEASE: 2026 07,START: 2008 01,monthly
P0141,Consumer Price Index,CPF01120,Meat,,,North-West,,,Index,Dec 2024 = 100,RELEASE: 2026 07,START: 2008 01,monthly
P0141,Consumer Price Index,CPF01130,Fish and other seafood,,,North-West,,,Index,Dec 2024 = 100,RELEASE: 2026 07,START: 2008 01,monthly
P0141,Consumer Price Index,CPF01140,"Milk, other dairy products and eggs",,,North-West,,,Index,Dec 2024 = 100,RELEASE: 2026 07,START: 2008 01,monthly
P0141,Consumer Price Index,CPF01150,Oils and fats,,,North-West,,,Index,Dec 2024 = 100,RELEASE: 2026 07,START: 2008 01,monthly
P0141,Consumer Price Index,CPF01160,Fruits and nuts,,,North-West,,,Index,Dec 2024 = 100,RELEASE: 2026 07,START: 2008 01,monthly
P0141,Consumer Price Index,CPF01170,Vegetables,,,North-West,,,Index,Dec 2024 = 100,RELEASE: 2026 07,START: 2008 01,monthly
P0141,Consumer Price Index,CPF01180,"Sugar, confectionery and desserts",,,North-West,,,Index,Dec 2024 = 100,RELEASE: 2026 07,START: 2008 01,monthly
P0141,Consumer Price Index,CPF01190,Other food,,,North-West,,,Index,Dec 2024 = 100,RELEASE: 2026 07,START: 2008 01,monthly
P0141,Consumer Price Index,CPF01200,Non-alcoholic beverages,,,North-West,,,Index,Dec 2024 = 100,RELEASE: 2026 07,START: 2008 01,monthly
P0141,Consumer Price Index,CPF01210,Hot beverages,,,North-West,,,Index,Dec 2024 = 100,RELEASE: 2026 07,START: 2008 01,monthly
P0141,Consumer Price Index,CPF01220,Cold beverages,,,North-West,,,Index,Dec 2024 = 100,RELEASE: 2026 07,START: 2008 01,monthly
P0141,Consumer Price Index,CPF02000,Alcoholic beverages and tobacco,,,North-West,,,Index,Dec 2024 = 100,RELEASE: 2026 07,START: 2008 01,monthly
P0141,Consumer Price Index,CPF02100,Alcoholic beverages,,,North-West,,,Index,Dec 2024 = 100,RELEASE: 2026 07,START: 2008 01,monthly
P0141,Consumer Price Index,CPF02110,Spirits and liqueurs,,,North-West,,,Index,Dec 2024 = 100,RELEASE: 2026 07,START: 2008 01,monthly
P0141,Consumer Price Index,CPF02120,Wine,,,North-West,,,Index,Dec 2024 = 100,RELEASE: 2026 07,START: 2008 01,monthly
P0141,Consumer Price Index,CPF02130,Beer,,,North-West,,,Index,Dec 2024 = 100,RELEASE: 2026 07,START: 2008 01,monthly
P0141,Consumer Price Index,CPF02200,Tobacco,,,North-West,,,Index,Dec 2024 = 100,RELEASE: 2026 07,START: 2008 01,monthly
P0141,Consumer Price Index,CPF03000,Clothing and footwear,,,North-West,,,Index,Dec 2024 = 100,RELEASE: 2026 07,START: 2008 01,monthly
P0141,Consumer Price Index,CPF03100,Clothing,,,North-West,,,Index,Dec 2024 = 100,RELEASE: 2026 07,START: 2008 01,monthly
P0141,Consumer Price Index,CPF03200,Footwear,,,North-West,,,Index,Dec 2024 = 100,RELEASE: 2026 07,START: 2008 01,monthly
P0141,Consumer Price Index,CPF04000,Housing and utilities,,,North-West,,,Index,Dec 2024 = 100,RELEASE: 2026 07,START: 2008 01,monthly
P0141,Consumer Price Index,CPF04100,Actual rentals for housing,,,North-West,,,Index,Dec 2024 = 100,RELEASE: 2026 07,START: 2008 01,monthly
P0141,Consumer Price Index,CPF04200,Owners equivalent rent,,,North-West,,,Index,Dec 2024 = 100,RELEASE: 2026 07,START: 2008 01,monthly
P0141,Consumer Price Index,CPF04300,Maintenance and repair,,,North-West,,,Index,Dec 2024 = 100,RELEASE: 2026 07,START: 2008 01,monthly
P0141,Consumer Price Index,CPF04400,Water supply and miscellaneous services,,,North-West,,,Index,Dec 2024 = 100,RELEASE: 2026 07,START: 2008 01,monthly
P0141,Consumer Price Index,CPF04500,"Electricity, gas and other fuels",,,North-West,,,Index,Dec 2024 = 100,RELEASE: 2026 07,START: 2008 01,monthly
P0141,Consumer Price Index,CPF05000,"Furnishings, household equipment and routine maintenance",,,North-West,,,Index,Dec 2024 = 100,RELEASE: 2026 07,START: 2008 01,monthly
P0141,Consumer Price Index,CPF05100,"Furniture, furnishings and loose carpets",,,North-West,,,Index,Dec 2024 = 100,RELEASE: 2026 07,START: 2008 01,monthly
P0141,Consumer Price Index,CPF05300,"Household textiles, appliances, tableware and equipment",,,North-West,,,Index,Dec 2024 = 100,RELEASE: 2026 07,START: 2008 01,monthly
P0141,Consumer Price Index,CPF05600,Goods and services for routine household maintenance,,,North-West,,,Index,Dec 2024 = 100,RELEASE: 2026 07,START: 2008 01,monthly
P0141,Consumer Price Index,CPF06000,Health,,,North-West,,,Index,Dec 2024 = 100,RELEASE: 2026 07,START: 2008 01,monthly
P0141,Consumer Price Index,CPF06100,Medicines and health products,,,North-West,,,Index,Dec 2024 = 100,RELEASE: 2026 07,START: 2008 01,monthly
P0141,Consumer Price Index,CPF06200,Health services,,,North-West,,,Index,Dec 2024 = 100,RELEASE: 2026 07,START: 2008 01,monthly
P0141,Consumer Price Index,CPF07000,Transport,,,North-West,,,Index,Dec 2024 = 100,RELEASE: 2026 07,START: 2008 01,monthly
P0141,Consumer Price Index,CPF07100,Purchase of vehicles,,,North-West,,,Index,Dec 2024 = 100,RELEASE: 2026 07,START: 2008 01,monthly
P0141,Consumer Price Index,CPF07200,Operation of personal transport equipment,,,North-West,,,Index,Dec 2024 = 100,RELEASE: 2026 07,START: 2008 01,monthly
P0141,Consumer Price Index,CPF07221,Fuel,,,North-West,,,Index,Dec 2024 = 100,RELEASE: 2026 07,START: 2008 01,monthly
P0141,Consumer Price Index,CPF07222,Other goods and services,,,North-West,,,Index,Dec 2024 = 100,RELEASE: 2026 07,START: 2008 01,monthly
P0141,Consumer Price Index,CPF07300,Passenger transport services,,,North-West,,,Index,Dec 2024 = 100,RELEASE: 2026 07,START: 2008 01,monthly
P0141,Consumer Price Index,CPF07400,Transport services of goods,,,North-West,,,Index,Dec 2024 = 100,RELEASE: 2026 07,START: 2024 12,monthly
P0141,Consumer Price Index,CPF08000,Information and communication,,,North-West,,,Index,Dec 2024 = 100,RELEASE: 2026 07,START: 2008 01,monthly
P0141,Consumer Price Index,CPF08100,Information and communication equipment,,,North-West,,,Index,Dec 2024 = 100,RELEASE: 2026 07,START: 2008 01,monthly
P0141,Consumer Price Index,CPF08300,Information and communication services,,,North-West,,,Index,Dec 2024 = 100,RELEASE: 2026 07,START: 2008 01,monthly
P0141,Consumer Price Index,CPF09000,"Recreation, sport and culture",,,North-West,,,Index,Dec 2024 = 100,RELEASE: 2026 07,START: 2008 01,monthly
P0141,Consumer Price Index,CPF09100,Recreational goods,,,North-West,,,Index,Dec 2024 = 100,RELEASE: 2026 07,START: 2008 01,monthly
P0141,Consumer Price Index,CPF09400,Recreational and cultural services,,,North-West,,,Index,Dec 2024 = 100,RELEASE: 2026 07,START: 2008 01,monthly
P0141,Consumer Price Index,CPF09500,"Newspapers, books and stationery",,,North-West,,,Index,Dec 2024 = 100,RELEASE: 2026 07,START: 2008 01,monthly
P0141,Consumer Price Index,CPF09600,Package holidays,,,North-West,,,Index,Dec 2024 = 100,RELEASE: 2026 07,START: 2012 12,monthly
P0141,Consumer Price Index,CPF10000,Education services,,,North-West,,,Index,Dec 2024 = 100,RELEASE: 2026 07,START: 2008 01,monthly
P0141,Consumer Price Index,CPF11000,Restaurants and accommodation services,,,North-West,,,Index,Dec 2024 = 100,RELEASE: 2026 07,START: 2008 01,monthly
P0141,Consumer Price Index,CPF11100,Restaurants,,,North-West,,,Index,Dec 2024 = 100,RELEASE: 2026 07,START: 2008 01,monthly
P0141,Consumer Price Index,CPF11200,Accommodation services,,,North-West,,,Index,Dec 2024 = 100,RELEASE: 2026 07,START: 2008 01,monthly
P0141,Consumer Price Index,CPF12000,Insurance and financial services,,,North-West,,,Index,Dec 2024 = 100,RELEASE: 2026 07,START: 2024 12,monthly
P0141,Consumer Price Index,CPF12100,Insurance,,,North-West,,,Index,Dec 2024 = 100,RELEASE: 2026 07,START: 2008 01,monthly
P0141,Consumer Price Index,CPF12200,Financial services,,,North-West,,,Index,Dec 2024 = 100,RELEASE: 2026 07,START: 2008 01,monthly
P0141,Consumer Price Index,CPF13000,Personal care and miscellaneous services,,,North-West,,,Index,Dec 2024 = 100,RELEASE: 2026 07,START: 2008 01,monthly
P0141,Consumer Price Index,CPF13100,Personal care,,,North-West,,,Index,Dec 2024 = 100,RELEASE: 2026 07,START: 2008 01,monthly
P0141,Consumer Price Index,CPF13900,Other services,,,North-West,,,Index,Dec 2024 = 100,RELEASE: 2026 07,START: 2008 01,monthly
P0141,Consumer Price Index,CPG00000,All Items,,,Gauteng,,,Index,Dec 2024 = 100,RELEASE: 2026 07,START: 2008 01,monthly
P0141,Consumer Price Index,CPG01000,Food and non alcoholic beverages,,,Gauteng,,,Index,Dec 2024 = 100,RELEASE: 2026 07,START: 2008 01,monthly
P0141,Consumer Price Index,CPG01100,Food,,,Gauteng,,,Index,Dec 2024 = 100,RELEASE: 2026 07,START: 2008 01,monthly
P0141,Consumer Price Index,CPG01110,Cereal products,,,Gauteng,,,Index,Dec 2024 = 100,RELEASE: 2026 07,START: 2008 01,monthly
P0141,Consumer Price Index,CPG01120,Meat,,,Gauteng,,,Index,Dec 2024 = 100,RELEASE: 2026 07,START: 2008 01,monthly
P0141,Consumer Price Index,CPG01130,Fish and other seafood,,,Gauteng,,,Index,Dec 2024 = 100,RELEASE: 2026 07,START: 2008 01,monthly
P0141,Consumer Price Index,CPG01140,"Milk, other dairy products and eggs",,,Gauteng,,,Index,Dec 2024 = 100,RELEASE: 2026 07,START: 2008 01,monthly
P0141,Consumer Price Index,CPG01150,Oils and fats,,,Gauteng,,,Index,Dec 2024 = 100,RELEASE: 2026 07,START: 2008 01,monthly
P0141,Consumer Price Index,CPG01160,Fruits and nuts,,,Gauteng,,,Index,Dec 2024 = 100,RELEASE: 2026 07,START: 2008 01,monthly
P0141,Consumer Price Index,CPG01170,Vegetables,,,Gauteng,,,Index,Dec 2024 = 100,RELEASE: 2026 07,START: 2008 01,monthly
P0141,Consumer Price Index,CPG01180,"Sugar, confectionery and desserts",,,Gauteng,,,Index,Dec 2024 = 100,RELEASE: 2026 07,START: 2008 01,monthly
P0141,Consumer Price Index,CPG01190,Other food,,,Gauteng,,,Index,Dec 2024 = 100,RELEASE: 2026 07,START: 2008 01,monthly
P0141,Consumer Price Index,CPG01200,Non-alcoholic beverages,,,Gauteng,,,Index,Dec 2024 = 100,RELEASE: 2026 07,START: 2008 01,monthly
P0141,Consumer Price Index,CPG01210,Hot beverages,,,Gauteng,,,Index,Dec 2024 = 100,RELEASE: 2026 07,START: 2008 01,monthly
P0141,Consumer Price Index,CPG01220,Cold beverages,,,Gauteng,,,Index,Dec 2024 = 100,RELEASE: 2026 07,START: 2008 01,monthly
P0141,Consumer Price Index,CPG02000,Alcoholic beverages and tobacco,,,Gauteng,,,Index,Dec 2024 = 100,RELEASE: 2026 07,START: 2008 01,monthly
P0141,Consumer Price Index,CPG02100,Alcoholic beverages,,,Gauteng,,,Index,Dec 2024 = 100,RELEASE: 2026 07,START: 2008 01,monthly
P0141,Consumer Price Index,CPG02110,Spirits and liqueurs,,,Gauteng,,,Index,Dec 2024 = 100,RELEASE: 2026 07,START: 2008 01,monthly
P0141,Consumer Price Index,CPG02120,Wine,,,Gauteng,,,Index,Dec 2024 = 100,RELEASE: 2026 07,START: 2008 01,monthly
P0141,Consumer Price Index,CPG02130,Beer,,,Gauteng,,,Index,Dec 2024 = 100,RELEASE: 2026 07,START: 2008 01,monthly
P0141,Consumer Price Index,CPG02200,Tobacco,,,Gauteng,,,Index,Dec 2024 = 100,RELEASE: 2026 07,START: 2008 01,monthly
P0141,Consumer Price Index,CPG03000,Clothing and footwear,,,Gauteng,,,Index,Dec 2024 = 100,RELEASE: 2026 07,START: 2008 01,monthly
P0141,Consumer Price Index,CPG03100,Clothing,,,Gauteng,,,Index,Dec 2024 = 100,RELEASE: 2026 07,START: 2008 01,monthly
P0141,Consumer Price Index,CPG03200,Footwear,,,Gauteng,,,Index,Dec 2024 = 100,RELEASE: 2026 07,START: 2008 01,monthly
P0141,Consumer Price Index,CPG04000,Housing and utilities,,,Gauteng,,,Index,Dec 2024 = 100,RELEASE: 2026 07,START: 2008 01,monthly
P0141,Consumer Price Index,CPG04100,Actual rentals for housing,,,Gauteng,,,Index,Dec 2024 = 100,RELEASE: 2026 07,START: 2008 01,monthly
P0141,Consumer Price Index,CPG04200,Owners equivalent rent,,,Gauteng,,,Index,Dec 2024 = 100,RELEASE: 2026 07,START: 2008 01,monthly
P0141,Consumer Price Index,CPG04300,Maintenance and repair,,,Gauteng,,,Index,Dec 2024 = 100,RELEASE: 2026 07,START: 2008 01,monthly
P0141,Consumer Price Index,CPG04400,Water supply and miscellaneous services,,,Gauteng,,,Index,Dec 2024 = 100,RELEASE: 2026 07,START: 2008 01,monthly
P0141,Consumer Price Index,CPG04500,"Electricity, gas and other fuels",,,Gauteng,,,Index,Dec 2024 = 100,RELEASE: 2026 07,START: 2008 01,monthly
P0141,Consumer Price Index,CPG05000,"Furnishings, household equipment and routine maintenance",,,Gauteng,,,Index,Dec 2024 = 100,RELEASE: 2026 07,START: 2008 01,monthly
P0141,Consumer Price Index,CPG05100,"Furniture, furnishings and loose carpets",,,Gauteng,,,Index,Dec 2024 = 100,RELEASE: 2026 07,START: 2008 01,monthly
P0141,Consumer Price Index,CPG05300,"Household textiles, appliances, tableware and equipment",,,Gauteng,,,Index,Dec 2024 = 100,RELEASE: 2026 07,START: 2008 01,monthly
P0141,Consumer Price Index,CPG05600,Goods and services for routine household maintenance,,,Gauteng,,,Index,Dec 2024 = 100,RELEASE: 2026 07,START: 2008 01,monthly
P0141,Consumer Price Index,CPG06000,Health,,,Gauteng,,,Index,Dec 2024 = 100,RELEASE: 2026 07,START: 2008 01,monthly
P0141,Consumer Price Index,CPG06100,Medicines and health products,,,Gauteng,,,Index,Dec 2024 = 100,RELEASE: 2026 07,START: 2008 01,monthly
P0141,Consumer Price Index,CPG06200,Health services,,,Gauteng,,,Index,Dec 2024 = 100,RELEASE: 2026 07,START: 2008 01,monthly
P0141,Consumer Price Index,CPG07000,Transport,,,Gauteng,,,Index,Dec 2024 = 100,RELEASE: 2026 07,START: 2008 01,monthly
P0141,Consumer Price Index,CPG07100,Purchase of vehicles,,,Gauteng,,,Index,Dec 2024 = 100,RELEASE: 2026 07,START: 2008 01,monthly
P0141,Consumer Price Index,CPG07200,Operation of personal transport equipment,,,Gauteng,,,Index,Dec 2024 = 100,RELEASE: 2026 07,START: 2008 01,monthly
P0141,Consumer Price Index,CPG07221,Fuel,,,Gauteng,,,Index,Dec 2024 = 100,RELEASE: 2026 07,START: 2008 01,monthly
P0141,Consumer Price Index,CPG07222,Other goods and services,,,Gauteng,,,Index,Dec 2024 = 100,RELEASE: 2026 07,START: 2008 01,monthly
P0141,Consumer Price Index,CPG07300,Passenger transport services,,,Gauteng,,,Index,Dec 2024 = 100,RELEASE: 2026 07,START: 2008 01,monthly
P0141,Consumer Price Index,CPG07400,Transport services of goods,,,Gauteng,,,Index,Dec 2024 = 100,RELEASE: 2026 07,START: 2024 12,monthly
P0141,Consumer Price Index,CPG08000,Information and communication,,,Gauteng,,,Index,Dec 2024 = 100,RELEASE: 2026 07,START: 2008 01,monthly
P0141,Consumer Price Index,CPG08100,Information and communication equipment,,,Gauteng,,,Index,Dec 2024 = 100,RELEASE: 2026 07,START: 2008 01,monthly
P0141,Consumer Price Index,CPG08300,Information and communication services,,,Gauteng,,,Index,Dec 2024 = 100,RELEASE: 2026 07,START: 2008 01,monthly
P0141,Consumer Price Index,CPG09000,"Recreation, sport and culture",,,Gauteng,,,Index,Dec 2024 = 100,RELEASE: 2026 07,START: 2008 01,monthly
P0141,Consumer Price Index,CPG09100,Recreational goods,,,Gauteng,,,Index,Dec 2024 = 100,RELEASE: 2026 07,START: 2008 01,monthly
P0141,Consumer Price Index,CPG09400,Recreational and cultural services,,,Gauteng,,,Index,Dec 2024 = 100,RELEASE: 2026 07,START: 2008 01,monthly
P0141,Consumer Price Index,CPG09500,"Newspapers, books and stationery",,,Gauteng,,,Index,Dec 2024 = 100,RELEASE: 2026 07,START: 2008 01,monthly
P0141,Consumer Price Index,CPG09600,Package holidays,,,Gauteng,,,Index,Dec 2024 = 100,RELEASE: 2026 07,START: 2012 12,monthly
P0141,Consumer Price Index,CPG10000,Education services,,,Gauteng,,,Index,Dec 2024 = 100,RELEASE: 2026 07,START: 2008 01,monthly
P0141,Consumer Price Index,CPG11000,Restaurants and accommodation services,,,Gauteng,,,Index,Dec 2024 = 100,RELEASE: 2026 07,START: 2008 01,monthly
P0141,Consumer Price Index,CPG11100,Restaurants,,,Gauteng,,,Index,Dec 2024 = 100,RELEASE: 2026 07,START: 2008 01,monthly
P0141,Consumer Price Index,CPG11200,Accommodation services,,,Gauteng,,,Index,Dec 2024 = 100,RELEASE: 2026 07,START: 2008 01,monthly
P0141,Consumer Price Index,CPG12000,Insurance and financial services,,,Gauteng,,,Index,Dec 2024 = 100,RELEASE: 2026 07,START: 2024 12,monthly
P0141,Consumer Price Index,CPG12100,Insurance,,,Gauteng,,,Index,Dec 2024 = 100,RELEASE: 2026 07,START: 2008 01,monthly
P0141,Consumer Price Index,CPG12200,Financial services,,,Gauteng,,,Index,Dec 2024 = 100,RELEASE: 2026 07,START: 2008 01,monthly
P0141,Consumer Price Index,CPG13000,Personal care and miscellaneous services,,,Gauteng,,,Index,Dec 2024 = 100,RELEASE: 2026 07,START: 2008 01,monthly
P0141,Consumer Price Index,CPG13100,Personal care,,,Gauteng,,,Index,Dec 2024 = 100,RELEASE: 2026 07,START: 2008 01,monthly
P0141,Consumer Price Index,CPG13900,Other services,,,Gauteng,,,Index,Dec 2024 = 100,RELEASE: 2026 07,START: 2008 01,monthly
P0141,Consumer Price Index,CPH00000,All Items,,,Mpumalanga,,,Index,Dec 2024 = 100,RELEASE: 2026 07,START: 2008 01,monthly
P0141,Consumer Price Index,CPH01000,Food and non alcoholic beverages,,,Mpumalanga,,,Index,Dec 2024 = 100,RELEASE: 2026 07,START: 2008 01,monthly
P0141,Consumer Price Index,CPH01100,Food,,,Mpumalanga,,,Index,Dec 2024 = 100,RELEASE: 2026 07,START: 2008 01,monthly
P0141,Consumer Price Index,CPH01110,Cereal products,,,Mpumalanga,,,Index,Dec 2024 = 100,RELEASE: 2026 07,START: 2008 01,monthly
P0141,Consumer Price Index,CPH01120,Meat,,,Mpumalanga,,,Index,Dec 2024 = 100,RELEASE: 2026 07,START: 2008 01,monthly
P0141,Consumer Price Index,CPH01130,Fish and other seafood,,,Mpumalanga,,,Index,Dec 2024 = 100,RELEASE: 2026 07,START: 2008 01,monthly
P0141,Consumer Price Index,CPH01140,"Milk, other dairy products and eggs",,,Mpumalanga,,,Index,Dec 2024 = 100,RELEASE: 2026 07,START: 2008 01,monthly
P0141,Consumer Price Index,CPH01150,Oils and fats,,,Mpumalanga,,,Index,Dec 2024 = 100,RELEASE: 2026 07,START: 2008 01,monthly
P0141,Consumer Price Index,CPH01160,Fruits and nuts,,,Mpumalanga,,,Index,Dec 2024 = 100,RELEASE: 2026 07,START: 2008 01,monthly
P0141,Consumer Price Index,CPH01170,Vegetables,,,Mpumalanga,,,Index,Dec 2024 = 100,RELEASE: 2026 07,START: 2008 01,monthly
P0141,Consumer Price Index,CPH01180,"Sugar, confectionery and desserts",,,Mpumalanga,,,Index,Dec 2024 = 100,RELEASE: 2026 07,START: 2008 01,monthly
P0141,Consumer Price Index,CPH01190,Other food,,,Mpumalanga,,,Index,Dec 2024 = 100,RELEASE: 2026 07,START: 2008 01,monthly
P0141,Consumer Price Index,CPH01200,Non-alcoholic beverages,,,Mpumalanga,,,Index,Dec 2024 = 100,RELEASE: 2026 07,START: 2008 01,monthly
P0141,Consumer Price Index,CPH01210,Hot beverages,,,Mpumalanga,,,Index,Dec 2024 = 100,RELEASE: 2026 07,START: 2008 01,monthly
P0141,Consumer Price Index,CPH01220,Cold beverages,,,Mpumalanga,,,Index,Dec 2024 = 100,RELEASE: 2026 07,START: 2008 01,monthly
P0141,Consumer Price Index,CPH02000,Alcoholic beverages and tobacco,,,Mpumalanga,,,Index,Dec 2024 = 100,RELEASE: 2026 07,START: 2008 01,monthly
P0141,Consumer Price Index,CPH02100,Alcoholic beverages,,,Mpumalanga,,,Index,Dec 2024 = 100,RELEASE: 2026 07,START: 2008 01,monthly
P0141,Consumer Price Index,CPH02110,Spirits and liqueurs,,,Mpumalanga,,,Index,Dec 2024 = 100,RELEASE: 2026 07,START: 2008 01,monthly
P0141,Consumer Price Index,CPH02120,Wine,,,Mpumalanga,,,Index,Dec 2024 = 100,RELEASE: 2026 07,START: 2008 01,monthly
P0141,Consumer Price Index,CPH02130,Beer,,,Mpumalanga,,,Index,Dec 2024 = 100,RELEASE: 2026 07,START: 2008 01,monthly
P0141,Consumer Price Index,CPH02200,Tobacco,,,Mpumalanga,,,Index,Dec 2024 = 100,RELEASE: 2026 07,START: 2008 01,monthly
P0141,Consumer Price Index,CPH03000,Clothing and footwear,,,Mpumalanga,,,Index,Dec 2024 = 100,RELEASE: 2026 07,START: 2008 01,monthly
P0141,Consumer Price Index,CPH03100,Clothing,,,Mpumalanga,,,Index,Dec 2024 = 100,RELEASE: 2026 07,START: 2008 01,monthly
P0141,Consumer Price Index,CPH03200,Footwear,,,Mpumalanga,,,Index,Dec 2024 = 100,RELEASE: 2026 07,START: 2008 01,monthly
P0141,Consumer Price Index,CPH04000,Housing and utilities,,,Mpumalanga,,,Index,Dec 2024 = 100,RELEASE: 2026 07,START: 2008 01,monthly
P0141,Consumer Price Index,CPH04100,Actual rentals for housing,,,Mpumalanga,,,Index,Dec 2024 = 100,RELEASE: 2026 07,START: 2008 01,monthly
P0141,Consumer Price Index,CPH04200,Owners equivalent rent,,,Mpumalanga,,,Index,Dec 2024 = 100,RELEASE: 2026 07,START: 2008 01,monthly
P0141,Consumer Price Index,CPH04300,Maintenance and repair,,,Mpumalanga,,,Index,Dec 2024 = 100,RELEASE: 2026 07,START: 2008 01,monthly
P0141,Consumer Price Index,CPH04400,Water supply and miscellaneous services,,,Mpumalanga,,,Index,Dec 2024 = 100,RELEASE: 2026 07,START: 2008 01,monthly
P0141,Consumer Price Index,CPH04500,"Electricity, gas and other fuels",,,Mpumalanga,,,Index,Dec 2024 = 100,RELEASE: 2026 07,START: 2008 01,monthly
P0141,Consumer Price Index,CPH05000,"Furnishings, household equipment and routine maintenance",,,Mpumalanga,,,Index,Dec 2024 = 100,RELEASE: 2026 07,START: 2008 01,monthly
P0141,Consumer Price Index,CPH05100,"Furniture, furnishings and loose carpets",,,Mpumalanga,,,Index,Dec 2024 = 100,RELEASE: 2026 07,START: 2008 01,monthly
P0141,Consumer Price Index,CPH05300,"Household textiles, appliances, tableware and equipment",,,Mpumalanga,,,Index,Dec 2024 = 100,RELEASE: 2026 07,START: 2008 01,monthly
P0141,Consumer Price Index,CPH05600,Goods and services for routine household maintenance,,,Mpumalanga,,,Index,Dec 2024 = 100,RELEASE: 2026 07,START: 2008 01,monthly
P0141,Consumer Price Index,CPH06000,Health,,,Mpumalanga,,,Index,Dec 2024 = 100,RELEASE: 2026 07,START: 2008 01,monthly
P0141,Consumer Price Index,CPH06100,Medicines and health products,,,Mpumalanga,,,Index,Dec 2024 = 100,RELEASE: 2026 07,START: 2008 01,monthly
P0141,Consumer Price Index,CPH06200,Health services,,,Mpumalanga,,,Index,Dec 2024 = 100,RELEASE: 2026 07,START: 2008 01,monthly
P0141,Consumer Price Index,CPH07000,Transport,,,Mpumalanga,,,Index,Dec 2024 = 100,RELEASE: 2026 07,START: 2008 01,monthly
P0141,Consumer Price Index,CPH07100,Purchase of vehicles,,,Mpumalanga,,,Index,Dec 2024 = 100,RELEASE: 2026 07,START: 2008 01,monthly
P0141,Consumer Price Index,CPH07200,Operation of personal transport equipment,,,Mpumalanga,,,Index,Dec 2024 = 100,RELEASE: 2026 07,START: 2008 01,monthly
P0141,Consumer Price Index,CPH07221,Fuel,,,Mpumalanga,,,Index,Dec 2024 = 100,RELEASE: 2026 07,START: 2008 01,monthly
P0141,Consumer Price Index,CPH07222,Other goods and services,,,Mpumalanga,,,Index,Dec 2024 = 100,RELEASE: 2026 07,START: 2008 01,monthly
P0141,Consumer Price Index,CPH07300,Passenger transport services,,,Mpumalanga,,,Index,Dec 2024 = 100,RELEASE: 2026 07,START: 2008 01,monthly
P0141,Consumer Price Index,CPH07400,Transport services of goods,,,Mpumalanga,,,Index,Dec 2024 = 100,RELEASE: 2026 07,START: 2024 12,monthly
P0141,Consumer Price Index,CPH08000,Information and communication,,,Mpumalanga,,,Index,Dec 2024 = 100,RELEASE: 2026 07,START: 2008 01,monthly
P0141,Consumer Price Index,CPH08100,Information and communication equipment,,,Mpumalanga,,,Index,Dec 2024 = 100,RELEASE: 2026 07,START: 2008 01,monthly
P0141,Consumer Price Index,CPH08300,Information and communication services,,,Mpumalanga,,,Index,Dec 2024 = 100,RELEASE: 2026 07,START: 2008 01,monthly
P0141,Consumer Price Index,CPH09000,"Recreation, sport and culture",,,Mpumalanga,,,Index,Dec 2024 = 100,RELEASE: 2026 07,START: 2008 01,monthly
P0141,Consumer Price Index,CPH09100,Recreational goods,,,Mpumalanga,,,Index,Dec 2024 = 100,RELEASE: 2026 07,START: 2008 01,monthly
P0141,Consumer Price Index,CPH09400,Recreational and cultural services,,,Mpumalanga,,,Index,Dec 2024 = 100,RELEASE: 2026 07,START: 2008 01,monthly
P0141,Consumer Price Index,CPH09500,"Newspapers, books and stationery",,,Mpumalanga,,,Index,Dec 2024 = 100,RELEASE: 2026 07,START: 2008 01,monthly
P0141,Consumer Price Index,CPH09600,Package holidays,,,Mpumalanga,,,Index,Dec 2024 = 100,RELEASE: 2026 07,START: 2012 12,monthly
P0141,Consumer Price Index,CPH10000,Education services,,,Mpumalanga,,,Index,Dec 2024 = 100,RELEASE: 2026 07,START: 2008 01,monthly
P0141,Consumer Price Index,CPH11000,Restaurants and accommodation services,,,Mpumalanga,,,Index,Dec 2024 = 100,RELEASE: 2026 07,START: 2008 01,monthly
P0141,Consumer Price Index,CPH11100,Restaurants,,,Mpumalanga,,,Index,Dec 2024 = 100,RELEASE: 2026 07,START: 2008 01,monthly
P0141,Consumer Price Index,CPH11200,Accommodation services,,,Mpumalanga,,,Index,Dec 2024 = 100,RELEASE: 2026 07,START: 2008 01,monthly
P0141,Consumer Price Index,CPH12000,Insurance and financial services,,,Mpumalanga,,,Index,Dec 2024 = 100,RELEASE: 2026 07,START: 2024 12,monthly
P0141,Consumer Price Index,CPH12100,Insurance,,,Mpumalanga,,,Index,Dec 2024 = 100,RELEASE: 2026 07,START: 2008 01,monthly
P0141,Consumer Price Index,CPH12200,Financial services,,,Mpumalanga,,,Index,Dec 2024 = 100,RELEASE: 2026 07,START: 2008 01,monthly
P0141,Consumer Price Index,CPH13000,Personal care and miscellaneous services,,,Mpumalanga,,,Index,Dec 2024 = 100,RELEASE: 2026 07,START: 2008 01,monthly
P0141,Consumer Price Index,CPH13100,Personal care,,,Mpumalanga,,,Index,Dec 2024 = 100,RELEASE: 2026 07,START: 2008 01,monthly
P0141,Consumer Price Index,CPH13900,Other services,,,Mpumalanga,,,Index,Dec 2024 = 100,RELEASE: 2026 07,START: 2008 01,monthly
P0141,Consumer Price Index,CPI60001,Geographic indices,,,Total country,,,Index,Dec 2024 = 100,RELEASE: 2026 07,START: 2008 01,monthly
P0141,Consumer Price Index,CPI60005,Pensioners,,,Total country,,,Index,Dec 2024 = 100,RELEASE: 2026 07,START: 2008 01,monthly
P0141,Consumer Price Index,CPI60051,Geographic indices,,,Rural areas,,,Index,Dec 2024 = 100,RELEASE: 2026 07,START: 2008 01,monthly
P0141,Consumer Price Index,CPI60065,Analytical series - All urban areas,CPI for pensioners,,All urban areas,,,Index,Dec 2024 = 100,RELEASE: 2026 07,START: 2008 01,monthly
P0141,Consumer Price Index,CPI61001,Geographic indices,,,Western Cape,,,Index,Dec 2024 = 100,RELEASE: 2026 07,START: 2008 01,monthly
P0141,Consumer Price Index,CPI62001,Geographic indices,,,Eastern Cape,,,Index,Dec 2024 = 100,RELEASE: 2026 07,START: 2008 01,monthly
P0141,Consumer Price Index,CPI63001,Geographic indices,,,Northern Cape,,,Index,Dec 2024 = 100,RELEASE: 2026 07,START: 2008 01,monthly
P0141,Consumer Price Index,CPI64001,Geographic indices,,,Free State,,,Index,Dec 2024 = 100,RELEASE: 2026 07,START: 2008 01,monthly
P0141,Consumer Price Index,CPI65001,Geographic indices,,,Kwazulu-Natal,,,Index,Dec 2024 = 100,RELEASE: 2026 07,START: 2008 01,monthly
P0141,Consumer Price Index,CPI66001,Geographic indices,,,North-West,,,Index,Dec 2024 = 100,RELEASE: 2026 07,START: 2008 01,monthly
P0141,Consumer Price Index,CPI67001,Geographic indices,,,Gauteng,,,Index,Dec 2024 = 100,RELEASE: 2026 07,START: 2008 01,monthly
P0141,Consumer Price Index,CPI68001,Geographic indices,,,Mpumalanga,,,Index,Dec 2024 = 100,RELEASE: 2026 07,START: 2008 01,monthly
P0141,Consumer Price Index,CPI69001,Geographic indices,,,Limpopo,,,Index,Dec 2024 = 100,RELEASE: 2026 07,START: 2008 01,monthly
P0141,Consumer Price Index,CPJ00000,All Items,,,Limpopo,,,Index,Dec 2024 = 100,RELEASE: 2026 07,START: 2008 01,monthly
P0141,Consumer Price Index,CPJ01000,Food and non alcoholic beverages,,,Limpopo,,,Index,Dec 2024 = 100,RELEASE: 2026 07,START: 2008 01,monthly
P0141,Consumer Price Index,CPJ01100,Food,,,Limpopo,,,Index,Dec 2024 = 100,RELEASE: 2026 07,START: 2008 01,monthly
P0141,Consumer Price Index,CPJ01110,Cereal products,,,Limpopo,,,Index,Dec 2024 = 100,RELEASE: 2026 07,START: 2008 01,monthly
P0141,Consumer Price Index,CPJ01120,Meat,,,Limpopo,,,Index,Dec 2024 = 100,RELEASE: 2026 07,START: 2008 01,monthly
P0141,Consumer Price Index,CPJ01130,Fish and other seafood,,,Limpopo,,,Index,Dec 2024 = 100,RELEASE: 2026 07,START: 2008 01,monthly
P0141,Consumer Price Index,CPJ01140,"Milk, other dairy products and eggs",,,Limpopo,,,Index,Dec 2024 = 100,RELEASE: 2026 07,START: 2008 01,monthly
P0141,Consumer Price Index,CPJ01150,Oils and fats,,,Limpopo,,,Index,Dec 2024 = 100,RELEASE: 2026 07,START: 2008 01,monthly
P0141,Consumer Price Index,CPJ01160,Fruits and nuts,,,Limpopo,,,Index,Dec 2024 = 100,RELEASE: 2026 07,START: 2008 01,monthly
P0141,Consumer Price Index,CPJ01170,Vegetables,,,Limpopo,,,Index,Dec 2024 = 100,RELEASE: 2026 07,START: 2008 01,monthly
P0141,Consumer Price Index,CPJ01180,"Sugar, confectionery and desserts",,,Limpopo,,,Index,Dec 2024 = 100,RELEASE: 2026 07,START: 2008 01,monthly
P0141,Consumer Price Index,CPJ01190,Other food,,,Limpopo,,,Index,Dec 2024 = 100,RELEASE: 2026 07,START: 2008 01,monthly
P0141,Consumer Price Index,CPJ01200,Non-alcoholic beverages,,,Limpopo,,,Index,Dec 2024 = 100,RELEASE: 2026 07,START: 2008 01,monthly
P0141,Consumer Price Index,CPJ01210,Hot beverages,,,Limpopo,,,Index,Dec 2024 = 100,RELEASE: 2026 07,START: 2008 01,monthly
P0141,Consumer Price Index,CPJ01220,Cold beverages,,,Limpopo,,,Index,Dec 2024 = 100,RELEASE: 2026 07,START: 2008 01,monthly
P0141,Consumer Price Index,CPJ02000,Alcoholic beverages and tobacco,,,Limpopo,,,Index,Dec 2024 = 100,RELEASE: 2026 07,START: 2008 01,monthly
P0141,Consumer Price Index,CPJ02100,Alcoholic beverages,,,Limpopo,,,Index,Dec 2024 = 100,RELEASE: 2026 07,START: 2008 01,monthly
P0141,Consumer Price Index,CPJ02110,Spirits and liqueurs,,,Limpopo,,,Index,Dec 2024 = 100,RELEASE: 2026 07,START: 2008 01,monthly
P0141,Consumer Price Index,CPJ02120,Wine,,,Limpopo,,,Index,Dec 2024 = 100,RELEASE: 2026 07,START: 2008 01,monthly
P0141,Consumer Price Index,CPJ02130,Beer,,,Limpopo,,,Index,Dec 2024 = 100,RELEASE: 2026 07,START: 2008 01,monthly
P0141,Consumer Price Index,CPJ02200,Tobacco,,,Limpopo,,,Index,Dec 2024 = 100,RELEASE: 2026 07,START: 2008 01,monthly
P0141,Consumer Price Index,CPJ03000,Clothing and footwear,,,Limpopo,,,Index,Dec 2024 = 100,RELEASE: 2026 07,START: 2008 01,monthly
P0141,Consumer Price Index,CPJ03100,Clothing,,,Limpopo,,,Index,Dec 2024 = 100,RELEASE: 2026 07,START: 2008 01,monthly
P0141,Consumer Price Index,CPJ03200,Footwear,,,Limpopo,,,Index,Dec 2024 = 100,RELEASE: 2026 07,START: 2008 01,monthly
P0141,Consumer Price Index,CPJ04000,Housing and utilities,,,Limpopo,,,Index,Dec 2024 = 100,RELEASE: 2026 07,START: 2008 01,monthly
P0141,Consumer Price Index,CPJ04100,Actual rentals for housing,,,Limpopo,,,Index,Dec 2024 = 100,RELEASE: 2026 07,START: 2008 01,monthly
P0141,Consumer Price Index,CPJ04200,Owners equivalent rent,,,Limpopo,,,Index,Dec 2024 = 100,RELEASE: 2026 07,START: 2008 01,monthly
P0141,Consumer Price Index,CPJ04300,Maintenance and repair,,,Limpopo,,,Index,Dec 2024 = 100,RELEASE: 2026 07,START: 2008 01,monthly
P0141,Consumer Price Index,CPJ04400,Water supply and miscellaneous services,,,Limpopo,,,Index,Dec 2024 = 100,RELEASE: 2026 07,START: 2008 01,monthly
P0141,Consumer Price Index,CPJ04500,"Electricity, gas and other fuels",,,Limpopo,,,Index,Dec 2024 = 100,RELEASE: 2026 07,START: 2008 01,monthly
P0141,Consumer Price Index,CPJ05000,"Furnishings, household equipment and routine maintenance",,,Limpopo,,,Index,Dec 2024 = 100,RELEASE: 2026 07,START: 2008 01,monthly
P0141,Consumer Price Index,CPJ05100,"Furniture, furnishings and loose carpets",,,Limpopo,,,Index,Dec 2024 = 100,RELEASE: 2026 07,START: 2008 01,monthly
P0141,Consumer Price Index,CPJ05300,"Household textiles, appliances, tableware and equipment",,,Limpopo,,,Index,Dec 2024 = 100,RELEASE: 2026 07,START: 2008 01,monthly
P0141,Consumer Price Index,CPJ05600,Goods and services for routine household maintenance,,,Limpopo,,,Index,Dec 2024 = 100,RELEASE: 2026 07,START: 2008 01,monthly
P0141,Consumer Price Index,CPJ06000,Health,,,Limpopo,,,Index,Dec 2024 = 100,RELEASE: 2026 07,START: 2008 01,monthly
P0141,Consumer Price Index,CPJ06100,Medicines and health products,,,Limpopo,,,Index,Dec 2024 = 100,RELEASE: 2026 07,START: 2008 01,monthly
P0141,Consumer Price Index,CPJ06200,Health services,,,Limpopo,,,Index,Dec 2024 = 100,RELEASE: 2026 07,START: 2008 01,monthly
P0141,Consumer Price Index,CPJ07000,Transport,,,Limpopo,,,Index,Dec 2024 = 100,RELEASE: 2026 07,START: 2008 01,monthly
P0141,Consumer Price Index,CPJ07100,Purchase of vehicles,,,Limpopo,,,Index,Dec 2024 = 100,RELEASE: 2026 07,START: 2008 01,monthly
P0141,Consumer Price Index,CPJ07200,Operation of personal transport equipment,,,Limpopo,,,Index,Dec 2024 = 100,RELEASE: 2026 07,START: 2008 01,monthly
P0141,Consumer Price Index,CPJ07221,Fuel,,,Limpopo,,,Index,Dec 2024 = 100,RELEASE: 2026 07,START: 2008 01,monthly
P0141,Consumer Price Index,CPJ07222,Other goods and services,,,Limpopo,,,Index,Dec 2024 = 100,RELEASE: 2026 07,START: 2008 01,monthly
P0141,Consumer Price Index,CPJ07300,Passenger transport services,,,Limpopo,,,Index,Dec 2024 = 100,RELEASE: 2026 07,START: 2008 01,monthly
P0141,Consumer Price Index,CPJ07400,Transport services of goods,,,Limpopo,,,Index,Dec 2024 = 100,RELEASE: 2026 07,START: 2024 12,monthly
P0141,Consumer Price Index,CPJ08000,Information and communication,,,Limpopo,,,Index,Dec 2024 = 100,RELEASE: 2026 07,START: 2008 01,monthly
P0141,Consumer Price Index,CPJ08100,Information and communication equipment,,,Limpopo,,,Index,Dec 2024 = 100,RELEASE: 2026 07,START: 2008 01,monthly
P0141,Consumer Price Index,CPJ08300,Information and communication services,,,Limpopo,,,Index,Dec 2024 = 100,RELEASE: 2026 07,START: 2008 01,monthly
P0141,Consumer Price Index,CPJ09000,"Recreation, sport and culture",,,Limpopo,,,Index,Dec 2024 = 100,RELEASE: 2026 07,START: 2008 01,monthly
P0141,Consumer Price Index,CPJ09100,Recreational goods,,,Limpopo,,,Index,Dec 2024 = 100,RELEASE: 2026 07,START: 2008 01,monthly
P0141,Consumer Price Index,CPJ09400,Recreational and cultural services,,,Limpopo,,,Index,Dec 2024 = 100,RELEASE: 2026 07,START: 2008 01,monthly
P0141,Consumer Price Index,CPJ09500,"Newspapers, books and stationery",,,Limpopo,,,Index,Dec 2024 = 100,RELEASE: 2026 07,START: 2008 01,monthly
P0141,Consumer Price Index,CPJ09600,Package holidays,,,Limpopo,,,Index,Dec 2024 = 100,RELEASE: 2026 07,START: 2012 12,monthly
P0141,Consumer Price Index,CPJ10000,Education services,,,Limpopo,,,Index,Dec 2024 = 100,RELEASE: 2026 07,START: 2008 01,monthly
P0141,Consumer Price Index,CPJ11000,Restaurants and accommodation services,,,Limpopo,,,Index,Dec 2024 = 100,RELEASE: 2026 07,START: 2008 01,monthly
P0141,Consumer Price Index,CPJ11100,Restaurants,,,Limpopo,,,Index,Dec 2024 = 100,RELEASE: 2026 07,START: 2008 01,monthly
P0141,Consumer Price Index,CPJ11200,Accommodation services,,,Limpopo,,,Index,Dec 2024 = 100,RELEASE: 2026 07,START: 2008 01,monthly
P0141,Consumer Price Index,CPJ12000,Insurance and financial services,,,Limpopo,,,Index,Dec 2024 = 100,RELEASE: 2026 07,START: 2024 12,monthly
P0141,Consumer Price Index,CPJ12100,Insurance,,,Limpopo,,,Index,Dec 2024 = 100,RELEASE: 2026 07,START: 2008 01,monthly
P0141,Consumer Price Index,CPJ12200,Financial services,,,Limpopo,,,Index,Dec 2024 = 100,RELEASE: 2026 07,START: 2008 01,monthly
P0141,Consumer Price Index,CPJ13000,Personal care and miscellaneous services,,,Limpopo,,,Index,Dec 2024 = 100,RELEASE: 2026 07,START: 2008 01,monthly
P0141,Consumer Price Index,CPJ13100,Personal care,,,Limpopo,,,Index,Dec 2024 = 100,RELEASE: 2026 07,START: 2008 01,monthly
P0141,Consumer Price Index,CPJ13900,Other services,,,Limpopo,,,Index,Dec 2024 = 100,RELEASE: 2026 07,START: 2008 01,monthly
P0141,Consumer Price Index,CPR00000,All Items,,,Rural Areas,,,Index,Dec 2024 = 100,RELEASE: 2026 07,START: 2008 01,monthly
P0141,Consumer Price Index,CPR01000,Food and non alcoholic beverages,,,Rural Areas,,,Index,Dec 2024 = 100,RELEASE: 2026 07,START: 2008 01,monthly
P0141,Consumer Price Index,CPR01100,Food,,,Rural Areas,,,Index,Dec 2024 = 100,RELEASE: 2026 07,START: 2008 01,monthly
P0141,Consumer Price Index,CPR01110,Cereal products,,,Rural Areas,,,Index,Dec 2024 = 100,RELEASE: 2026 07,START: 2008 01,monthly
P0141,Consumer Price Index,CPR01120,Meat,,,Rural Areas,,,Index,Dec 2024 = 100,RELEASE: 2026 07,START: 2008 01,monthly
P0141,Consumer Price Index,CPR01130,Fish and other seafood,,,Rural Areas,,,Index,Dec 2024 = 100,RELEASE: 2026 07,START: 2008 01,monthly
P0141,Consumer Price Index,CPR01140,"Milk, other dairy products and eggs",,,Rural Areas,,,Index,Dec 2024 = 100,RELEASE: 2026 07,START: 2008 01,monthly
P0141,Consumer Price Index,CPR01150,Oils and fats,,,Rural Areas,,,Index,Dec 2024 = 100,RELEASE: 2026 07,START: 2008 01,monthly
P0141,Consumer Price Index,CPR01160,Fruits and nuts,,,Rural Areas,,,Index,Dec 2024 = 100,RELEASE: 2026 07,START: 2008 01,monthly
P0141,Consumer Price Index,CPR01170,Vegetables,,,Rural Areas,,,Index,Dec 2024 = 100,RELEASE: 2026 07,START: 2008 01,monthly
P0141,Consumer Price Index,CPR01180,"Sugar, confectionery and desserts",,,Rural Areas,,,Index,Dec 2024 = 100,RELEASE: 2026 07,START: 2008 01,monthly
P0141,Consumer Price Index,CPR01190,Other food,,,Rural Areas,,,Index,Dec 2024 = 100,RELEASE: 2026 07,START: 2008 01,monthly
P0141,Consumer Price Index,CPR01200,Non-alcoholic beverages,,,Rural Areas,,,Index,Dec 2024 = 100,RELEASE: 2026 07,START: 2008 01,monthly
P0141,Consumer Price Index,CPR02000,Alcoholic beverages and tobacco,,,Rural Areas,,,Index,Dec 2024 = 100,RELEASE: 2026 07,START: 2008 01,monthly
P0141,Consumer Price Index,CPR03000,Clothing and footwear,,,Rural Areas,,,Index,Dec 2024 = 100,RELEASE: 2026 07,START: 2008 01,monthly
P0141,Consumer Price Index,CPR04000,Housing and utilities,,,Rural Areas,,,Index,Dec 2024 = 100,RELEASE: 2026 07,START: 2008 01,monthly
P0141,Consumer Price Index,CPR05000,"Furnishings, household equipment and routine maintenance",,,Rural Areas,,,Index,Dec 2024 = 100,RELEASE: 2026 07,START: 2008 01,monthly
P0141,Consumer Price Index,CPR06000,Health,,,Rural Areas,,,Index,Dec 2024 = 100,RELEASE: 2026 07,START: 2008 01,monthly
P0141,Consumer Price Index,CPR07000,Transport,,,Rural Areas,,,Index,Dec 2024 = 100,RELEASE: 2026 07,START: 2008 01,monthly
P0141,Consumer Price Index,CPR08000,Information and communication,,,Rural Areas,,,Index,Dec 2024 = 100,RELEASE: 2026 07,START: 2008 01,monthly
P0141,Consumer Price Index,CPR09000,"Recreation, sport and culture",,,Rural Areas,,,Index,Dec 2024 = 100,RELEASE: 2026 07,START: 2008 01,monthly
P0141,Consumer Price Index,CPR10000,Education services,,,Rural Areas,,,Index,Dec 2024 = 100,RELEASE: 2026 07,START: 2008 01,monthly
P0141,Consumer Price Index,CPR11000,Restaurants and accommodation services,,,Rural Areas,,,Index,Dec 2024 = 100,RELEASE: 2026 07,START: 2008 01,monthly
P0141,Consumer Price Index,CPR12000,Insurance and financial services,,,Rural Areas,,,Index,Dec 2024 = 100,RELEASE: 2026 07,START: 2024 12,monthly
P0141,Consumer Price Index,CPR13000,Personal care and miscellaneous services,,,Rural Areas,,,Index,Dec 2024 = 100,RELEASE: 2026 07,START: 2008 01,monthly
P0141,Consumer Price Index,CPS00000,CPI Headline,,,All urban areas,,,Index,Dec 2024 = 100,RELEASE: 2026 07,START: 2008 01,monthly
P0141,Consumer Price Index,CPS00006,Analytical series - All urban areas,CPI for all goods,,All urban areas,,,Index,Dec 2024 = 100,RELEASE: 2026 07,START: 2008 01,monthly
P0141,Consumer Price Index,CPS00007,Analytical series - All urban areas,CPI for services,,All urban areas,,,Index,Dec 2024 = 100,RELEASE: 2026 07,START: 2008 01,monthly
P0141,Consumer Price Index,CPS00008,Analytical series - All urban areas,CPI excl housing,,All urban areas,,,Index,Dec 2024 = 100,RELEASE: 2026 07,START: 2008 01,monthly
P0141,Consumer Price Index,CPS00009,Analytical series - All urban areas,CPI excl Food and NAB,,All urban areas,,,Index,Dec 2024 = 100,RELEASE: 2026 07,START: 2008 01,monthly
P0141,Consumer Price Index,CPS00010,Analytical series - All urban areas,CPI excl Fuel,,All urban areas,,,Index,Dec 2024 = 100,RELEASE: 2026 07,START: 2008 01,monthly
P0141,Consumer Price Index,CPS00011,Analytical series - All urban areas,CPI excl food and NAB and fuel,,All urban areas,,,Index,Dec 2024 = 100,RELEASE: 2026 07,START: 2008 01,monthly
P0141,Consumer Price Index,CPS00013,Analytical series - All urban areas,CPI excl fuel and energy,,All urban areas,,,Index,Dec 2024 = 100,RELEASE: 2026 07,START: 2008 01,monthly
P0141,Consumer Price Index,CPS00014,Analytical series - All urban areas,"CPI excl food and NAB, fuel and energy",,All urban areas,,,Index,Dec 2024 = 100,RELEASE: 2026 07,START: 2008 01,monthly
P0141,Consumer Price Index,CPS00015,Analytical series - All urban areas,CPI for durable goods,,All urban areas,,,Index,Dec 2024 = 100,RELEASE: 2026 07,START: 2008 01,monthly
P0141,Consumer Price Index,CPS00016,Analytical series - All urban areas,CPI for semi durable goods,,All urban areas,,,Index,Dec 2024 = 100,RELEASE: 2026 07,START: 2008 01,monthly
P0141,Consumer Price Index,CPS00017,Analytical series - All urban areas,CPI for non-durable goods,,All urban areas,,,Index,Dec 2024 = 100,RELEASE: 2026 07,START: 2008 01,monthly
P0141,Consumer Price Index,CPS00018,Analytical series - All urban areas,CPI excl energy,,All urban areas,,,Index,Dec 2024 = 100,RELEASE: 2026 07,START: 2008 01,monthly
P0141,Consumer Price Index,CPS00019,Analytical series - All urban areas,CPI excluding administered prices,,All urban areas,,,Index,Dec 2024 = 100,RELEASE: 2026 07,START: 2008 01,monthly
P0141,Consumer Price Index,CPS00020,Analytical series - All urban areas,CPI administered prices excluding fuel and paraffin,,All urban areas,,,Index,Dec 2024 = 100,RELEASE: 2026 07,START: 2008 01,monthly
P0141,Consumer Price Index,CPS00021,Processed,,,All urban areas,,,Index,Dec 2024 = 100,RELEASE: 2026 07,START: 2008 01,monthly
P0141,Consumer Price Index,CPS00022,Unprocessed,,,All urban areas,,,Index,Dec 2024 = 100,RELEASE: 2026 07,START: 2008 01,monthly
P0141,Consumer Price Index,CPS00023,Education services,Education including boarding fees,,All urban areas,,,Index,Dec 2024 = 100,RELEASE: 2026 07,START: 2008 01,monthly
P0141,Consumer Price Index,CPS00024,Medical industry,Health including medical insurance,,All urban areas,,,Index,Dec 2024 = 100,RELEASE: 2026 07,START: 2008 01,monthly
P0141,Consumer Price Index,CPS00025,Analytical series - All urban areas,Trimmed mean index,,All urban areas,,,Index,Dec 2024 = 100,RELEASE: 2026 07,START: 2011 01,monthly
P0141,Consumer Price Index,CPS01000,Food and non alcoholic beverages,,,All urban areas,,,Index,Dec 2024 = 100,RELEASE: 2026 07,START: 2008 01,monthly
P0141,Consumer Price Index,CPS01100,Food,,,All urban areas,,,Index,Dec 2024 = 100,RELEASE: 2026 07,START: 2008 01,monthly
P0141,Consumer Price Index,CPS01110,Cereal products,,,All urban areas,,,Index,Dec 2024 = 100,RELEASE: 2026 07,START: 2008 01,monthly
P0141,Consumer Price Index,CPS01120,Meat,,,All urban areas,,,Index,Dec 2024 = 100,RELEASE: 2026 07,START: 2008 01,monthly
P0141,Consumer Price Index,CPS01130,Fish and other seafood,,,All urban areas,,,Index,Dec 2024 = 100,RELEASE: 2026 07,START: 2008 01,monthly
P0141,Consumer Price Index,CPS01140,"Milk, other dairy products and eggs",,,All urban areas,,,Index,Dec 2024 = 100,RELEASE: 2026 07,START: 2008 01,monthly
P0141,Consumer Price Index,CPS01150,Oils and fats,,,All urban areas,,,Index,Dec 2024 = 100,RELEASE: 2026 07,START: 2008 01,monthly
P0141,Consumer Price Index,CPS01160,Fruits and nuts,,,All urban areas,,,Index,Dec 2024 = 100,RELEASE: 2026 07,START: 2008 01,monthly
P0141,Consumer Price Index,CPS01170,Vegetables,,,All urban areas,,,Index,Dec 2024 = 100,RELEASE: 2026 07,START: 2008 01,monthly
P0141,Consumer Price Index,CPS01180,"Sugar, confectionery and desserts",,,All urban areas,,,Index,Dec 2024 = 100,RELEASE: 2026 07,START: 2008 01,monthly
P0141,Consumer Price Index,CPS01190,Other food,,,All urban areas,,,Index,Dec 2024 = 100,RELEASE: 2026 07,START: 2008 01,monthly
P0141,Consumer Price Index,CPS01200,Non-alcoholic beverages,,,All urban areas,,,Index,Dec 2024 = 100,RELEASE: 2026 07,START: 2008 01,monthly
P0141,Consumer Price Index,CPS01210,Hot beverages,,,All urban areas,,,Index,Dec 2024 = 100,RELEASE: 2026 07,START: 2008 01,monthly
P0141,Consumer Price Index,CPS01220,Cold beverages,,,All urban areas,,,Index,Dec 2024 = 100,RELEASE: 2026 07,START: 2008 01,monthly
P0141,Consumer Price Index,CPS02000,Alcoholic beverages and tobacco,,,All urban areas,,,Index,Dec 2024 = 100,RELEASE: 2026 07,START: 2008 01,monthly
P0141,Consumer Price Index,CPS02100,Alcoholic beverages,,,All urban areas,,,Index,Dec 2024 = 100,RELEASE: 2026 07,START: 2008 01,monthly
P0141,Consumer Price Index,CPS02110,Spirits and liqueurs,,,All urban areas,,,Index,Dec 2024 = 100,RELEASE: 2026 07,START: 2008 01,monthly
P0141,Consumer Price Index,CPS02120,Wine,,,All urban areas,,,Index,Dec 2024 = 100,RELEASE: 2026 07,START: 2008 01,monthly
P0141,Consumer Price Index,CPS02130,Beer,,,All urban areas,,,Index,Dec 2024 = 100,RELEASE: 2026 07,START: 2008 01,monthly
P0141,Consumer Price Index,CPS02200,Tobacco,,,All urban areas,,,Index,Dec 2024 = 100,RELEASE: 2026 07,START: 2008 01,monthly
P0141,Consumer Price Index,CPS03000,Clothing and footwear,,,All urban areas,,,Index,Dec 2024 = 100,RELEASE: 2026 07,START: 2008 01,monthly
P0141,Consumer Price Index,CPS03100,Clothing,,,All urban areas,,,Index,Dec 2024 = 100,RELEASE: 2026 07,START: 2008 01,monthly
P0141,Consumer Price Index,CPS03200,Footwear,,,All urban areas,,,Index,Dec 2024 = 100,RELEASE: 2026 07,START: 2008 01,monthly
P0141,Consumer Price Index,CPS04000,Housing and utilities,,,All urban areas,,,Index,Dec 2024 = 100,RELEASE: 2026 07,START: 2008 01,monthly
P0141,Consumer Price Index,CPS04100,Actual rentals for housing,,,All urban areas,,,Index,Dec 2024 = 100,RELEASE: 2026 07,START: 2008 01,monthly
P0141,Consumer Price Index,CPS04101,Housing,Actual rentals-Houses,,All urban areas,,,Index,Dec 2024 = 100,RELEASE: 2026 07,START: 2008 01,monthly
P0141,Consumer Price Index,CPS04102,Housing,Actual rentals-Flats,,All urban areas,,,Index,Dec 2024 = 100,RELEASE: 2026 07,START: 2008 01,monthly
P0141,Consumer Price Index,CPS04103,Housing,Actual rentals-Town houses,,All urban areas,,,Index,Dec 2024 = 100,RELEASE: 2026 07,START: 2008 01,monthly
P0141,Consumer Price Index,CPS04200,Owners equivalent rent,,,All urban areas,,,Index,Dec 2024 = 100,RELEASE: 2026 07,START: 2008 01,monthly
P0141,Consumer Price Index,CPS04201,Housing,Owners equivalent rent-Houses,,All urban areas,,,Index,Dec 2024 = 100,RELEASE: 2026 07,START: 2008 01,monthly
P0141,Consumer Price Index,CPS04202,Housing,Owners equivalent rent-Flats,,All urban areas,,,Index,Dec 2024 = 100,RELEASE: 2026 07,START: 2008 01,monthly
P0141,Consumer Price Index,CPS04203,Housing,Owners equivalent rent-Town houses,,All urban areas,,,Index,Dec 2024 = 100,RELEASE: 2026 07,START: 2008 01,monthly
P0141,Consumer Price Index,CPS04300,Maintenance and repair,,,All urban areas,,,Index,Dec 2024 = 100,RELEASE: 2026 07,START: 2008 01,monthly
P0141,Consumer Price Index,CPS04400,Water supply and miscellaneous services,,,All urban areas,,,Index,Dec 2024 = 100,RELEASE: 2026 07,START: 2008 01,monthly
P0141,Consumer Price Index,CPS04500,"Electricity, gas and other fuels",,,All urban areas,,,Index,Dec 2024 = 100,RELEASE: 2026 07,START: 2008 01,monthly
P0141,Consumer Price Index,CPS05000,"Furnishings, household equipment and routine maintenance",,,All urban areas,,,Index,Dec 2024 = 100,RELEASE: 2026 07,START: 2008 01,monthly
P0141,Consumer Price Index,CPS05100,"Furniture, furnishings and loose carpets",,,All urban areas,,,Index,Dec 2024 = 100,RELEASE: 2026 07,START: 2008 01,monthly
P0141,Consumer Price Index,CPS05300,"Household textiles, appliances, tableware and equipment",,,All urban areas,,,Index,Dec 2024 = 100,RELEASE: 2026 07,START: 2008 01,monthly
P0141,Consumer Price Index,CPS05600,Goods and services for routine household maintenance,,,All urban areas,,,Index,Dec 2024 = 100,RELEASE: 2026 07,START: 2008 01,monthly
P0141,Consumer Price Index,CPS05621,Domestic services,,,All urban areas,,,Index,Dec 2024 = 100,RELEASE: 2026 07,START: 2008 01,monthly
P0141,Consumer Price Index,CPS06000,Health,,,All urban areas,,,Index,Dec 2024 = 100,RELEASE: 2026 07,START: 2008 01,monthly
P0141,Consumer Price Index,CPS06100,Medicines and health products,,,All urban areas,,,Index,Dec 2024 = 100,RELEASE: 2026 07,START: 2008 01,monthly
P0141,Consumer Price Index,CPS06200,Health services,,,All urban areas,,,Index,Dec 2024 = 100,RELEASE: 2026 07,START: 2008 01,monthly
P0141,Consumer Price Index,CPS06201,Medical industry,Doctors,,All urban areas,,,Index,Dec 2024 = 100,RELEASE: 2026 07,START: 2008 01,monthly
P0141,Consumer Price Index,CPS06202,Medical industry,Dentists,,All urban areas,,,Index,Dec 2024 = 100,RELEASE: 2026 07,START: 2008 01,monthly
P0141,Consumer Price Index,CPS06301,Medical industry,Hospital services,,All urban areas,,,Index,Dec 2024 = 100,RELEASE: 2026 07,START: 2008 01,monthly
P0141,Consumer Price Index,CPS07000,Transport,,,All urban areas,,,Index,Dec 2024 = 100,RELEASE: 2026 07,START: 2008 01,monthly
P0141,Consumer Price Index,CPS07100,Purchase of vehicles,,,All urban areas,,,Index,Dec 2024 = 100,RELEASE: 2026 07,START: 2008 01,monthly
P0141,Consumer Price Index,CPS07101,Vehicles,New vehicles,,All urban areas,,,Index,Dec 2024 = 100,RELEASE: 2026 07,START: 2008 01,monthly
P0141,Consumer Price Index,CPS07102,Vehicles,Used vehicles,,All urban areas,,,Index,Dec 2024 = 100,RELEASE: 2026 07,START: 2008 01,monthly
P0141,Consumer Price Index,CPS07200,Operation of personal transport equipment,,,All urban areas,,,Index,Dec 2024 = 100,RELEASE: 2026 07,START: 2008 01,monthly
P0141,Consumer Price Index,CPS07221,Fuel,,,All urban areas,,,Index,Dec 2024 = 100,RELEASE: 2026 07,START: 2008 01,monthly
P0141,Consumer Price Index,CPS07222,Other goods and services,,,All urban areas,,,Index,Dec 2024 = 100,RELEASE: 2026 07,START: 2008 01,monthly
P0141,Consumer Price Index,CPS07300,Passenger transport services,,,All urban areas,,,Index,Dec 2024 = 100,RELEASE: 2026 07,START: 2008 01,monthly
P0141,Consumer Price Index,CPS07400,Transport services of goods,,,All urban areas,,,Index,Dec 2024 = 100,RELEASE: 2026 07,START: 2024 12,monthly
P0141,Consumer Price Index,CPS08000,Information and communication,,,All urban areas,,,Index,Dec 2024 = 100,RELEASE: 2026 07,START: 2008 01,monthly
P0141,Consumer Price Index,CPS08100,Information and communication equipment,,,All urban areas,,,Index,Dec 2024 = 100,RELEASE: 2026 07,START: 2008 01,monthly
P0141,Consumer Price Index,CPS08300,Information and communication services,,,All urban areas,,,Index,Dec 2024 = 100,RELEASE: 2026 07,START: 2008 01,monthly
P0141,Consumer Price Index,CPS09000,"Recreation, sport and culture",,,All urban areas,,,Index,Dec 2024 = 100,RELEASE: 2026 07,START: 2008 01,monthly
P0141,Consumer Price Index,CPS09100,Recreational goods,,,All urban areas,,,Index,Dec 2024 = 100,RELEASE: 2026 07,START: 2008 01,monthly
P0141,Consumer Price Index,CPS09400,Recreational and cultural services,,,All urban areas,,,Index,Dec 2024 = 100,RELEASE: 2026 07,START: 2008 01,monthly
P0141,Consumer Price Index,CPS09500,"Newspapers, books and stationery",,,All urban areas,,,Index,Dec 2024 = 100,RELEASE: 2026 07,START: 2008 01,monthly
P0141,Consumer Price Index,CPS09600,Package holidays,,,All urban areas,,,Index,Dec 2024 = 100,RELEASE: 2026 07,START: 2012 12,monthly
P0141,Consumer Price Index,CPS10000,Education,,,All urban areas,,,Index,Dec 2024 = 100,RELEASE: 2026 07,START: 2008 01,monthly
P0141,Consumer Price Index,CPS10100,Primary and secondary education,,,All urban areas,,,Index,Dec 2024 = 100,RELEASE: 2026 07,START: 2008 01,monthly
P0141,Consumer Price Index,CPS10400,Tertiary education,,,All urban areas,,,Index,Dec 2024 = 100,RELEASE: 2026 07,START: 2008 01,monthly
P0141,Consumer Price Index,CPS11000,Restaurants and accommodation services,,,All urban areas,,,Index,Dec 2024 = 100,RELEASE: 2026 07,START: 2008 01,monthly
P0141,Consumer Price Index,CPS11100,Restaurants,,,All urban areas,,,Index,Dec 2024 = 100,RELEASE: 2026 07,START: 2008 01,monthly
P0141,Consumer Price Index,CPS11200,Accommodation services,,,All urban areas,,,Index,Dec 2024 = 100,RELEASE: 2026 07,START: 2008 01,monthly
P0141,Consumer Price Index,CPS11211,Education services,University boarding fees,,All urban areas,,,Index,Dec 2024 = 100,RELEASE: 2026 07,START: 2008 01,monthly
P0141,Consumer Price Index,CPS12000,Insurance and financial services,,,All urban areas,,,Index,Dec 2024 = 100,RELEASE: 2026 07,START: 2024 12,monthly
P0141,Consumer Price Index,CPS12100,Insurance,,,All urban areas,,,Index,Dec 2024 = 100,RELEASE: 2026 07,START: 2008 01,monthly
P0141,Consumer Price Index,CPS12200,Financial services,,,All urban areas,,,Index,Dec 2024 = 100,RELEASE: 2026 07,START: 2008 01,monthly
P0141,Consumer Price Index,CPS12501,Medical industry,Medical insurance,,All urban areas,,,Index,Dec 2024 = 100,RELEASE: 2026 07,START: 2008 01,monthly
P0141,Consumer Price Index,CPS13000,Personal care and miscellaneous services,,,All urban areas,,,Index,Dec 2024 = 100,RELEASE: 2026 07,START: 2008 01,monthly
P0141,Consumer Price Index,CPS13100,Personal care,,,All urban areas,,,Index,Dec 2024 = 100,RELEASE: 2026 07,START: 2008 01,monthly
P0141,Consumer Price Index,CPS13900,Other services,,,All urban areas,,,Index,Dec 2024 = 100,RELEASE: 2026 07,START: 2008 01,monthly
P0141,Consumer Price Index,CPS40000,Analytical series - All urban areas,CPI excluding owners equivalent rent,,All urban areas,,,Index,Dec 2024 = 100,RELEASE: 2026 07,START: 2008 01,monthly
P0141,Consumer Price Index,CPS51000,Analytical series - All urban areas,CPI for Administered prices,,All urban areas,,,Index,Dec 2024 = 100,RELEASE: 2026 07,START: 2008 01,monthly
P0141,Consumer Price Index,CPS51100,Analytical series - All urban areas,CPI for Regulated prices,,All urban areas,,,Index,Dec 2024 = 100,RELEASE: 2026 07,START: 2008 01,monthly
P0141,Consumer Price Index,CPS51200,Analytical series - All urban areas,CPI for administered prices that are not regulated,,All urban areas,,,Index,Dec 2024 = 100,RELEASE: 2026 07,START: 2008 01,monthly
P0141,Consumer Price Index,CPSD0001,Deciles - All urban areas,Expenditure deciles,1,All urban areas,,,Index,Dec 2024 = 100,RELEASE: 2026 07,START: 2008 01,monthly
P0141,Consumer Price Index,CPSD0002,Deciles - All urban areas,Expenditure deciles,2,All urban areas,,,Index,Dec 2024 = 100,RELEASE: 2026 07,START: 2008 01,monthly
P0141,Consumer Price Index,CPSD0003,Deciles - All urban areas,Expenditure deciles,3,All urban areas,,,Index,Dec 2024 = 100,RELEASE: 2026 07,START: 2008 01,monthly
P0141,Consumer Price Index,CPSD0004,Deciles - All urban areas,Expenditure deciles,4,All urban areas,,,Index,Dec 2024 = 100,RELEASE: 2026 07,START: 2008 01,monthly
P0141,Consumer Price Index,CPSD0005,Deciles - All urban areas,Expenditure deciles,5,All urban areas,,,Index,Dec 2024 = 100,RELEASE: 2026 07,START: 2008 01,monthly
P0141,Consumer Price Index,CPSD0006,Deciles - All urban areas,Expenditure deciles,6,All urban areas,,,Index,Dec 2024 = 100,RELEASE: 2026 07,START: 2008 01,monthly
P0141,Consumer Price Index,CPSD0007,Deciles - All urban areas,Expenditure deciles,7,All urban areas,,,Index,Dec 2024 = 100,RELEASE: 2026 07,START: 2008 01,monthly
P0141,Consumer Price Index,CPSD0008,Deciles - All urban areas,Expenditure deciles,8,All urban areas,,,Index,Dec 2024 = 100,RELEASE: 2026 07,START: 2008 01,monthly
P0141,Consumer Price Index,CPSD0009,Deciles - All urban areas,Expenditure deciles,9,All urban areas,,,Index,Dec 2024 = 100,RELEASE: 2026 07,START: 2008 01,monthly
P0141,Consumer Price Index,CPSD0010,Deciles - All urban areas,Expenditure deciles,10,All urban areas,,,Index,Dec 2024 = 100,RELEASE: 2026 07,START: 2008 01,monthly
P0141,Consumer Price Index,CPT00000,All Items,,,Total country,,,Index,Dec 2024 = 100,RELEASE: 2026 07,START: 2008 01,monthly
P0141,Consumer Price Index,CPT00021,Processed,,,Total country,,,Index,Dec 2024 = 100,RELEASE: 2026 07,START: 2008 01,monthly
P0141,Consumer Price Index,CPT00022,Unprocessed,,,Total country,,,Index,Dec 2024 = 100,RELEASE: 2026 07,START: 2008 01,monthly
P0141,Consumer Price Index,CPT01000,Food and non alcoholic beverages,,,Total country,,,Index,Dec 2024 = 100,RELEASE: 2026 07,START: 2008 01,monthly
P0141,Consumer Price Index,CPT01100,Food,,,Total country,,,Index,Dec 2024 = 100,RELEASE: 2026 07,START: 2008 01,monthly
P0141,Consumer Price Index,CPT01110,Cereal products,,,Total country,,,Index,Dec 2024 = 100,RELEASE: 2026 07,START: 2008 01,monthly
P0141,Consumer Price Index,CPT01120,Meat,,,Total country,,,Index,Dec 2024 = 100,RELEASE: 2026 07,START: 2008 01,monthly
P0141,Consumer Price Index,CPT01130,Fish and other seafood,,,Total country,,,Index,Dec 2024 = 100,RELEASE: 2026 07,START: 2008 01,monthly
P0141,Consumer Price Index,CPT01140,"Milk, other dairy products and eggs",,,Total country,,,Index,Dec 2024 = 100,RELEASE: 2026 07,START: 2008 01,monthly
P0141,Consumer Price Index,CPT01150,Oils and fats,,,Total country,,,Index,Dec 2024 = 100,RELEASE: 2026 07,START: 2008 01,monthly
P0141,Consumer Price Index,CPT01160,Fruits and nuts,,,Total country,,,Index,Dec 2024 = 100,RELEASE: 2026 07,START: 2008 01,monthly
P0141,Consumer Price Index,CPT01170,Vegetables,,,Total country,,,Index,Dec 2024 = 100,RELEASE: 2026 07,START: 2008 01,monthly
P0141,Consumer Price Index,CPT01180,"Sugar, confectionery and desserts",,,Total country,,,Index,Dec 2024 = 100,RELEASE: 2026 07,START: 2008 01,monthly
P0141,Consumer Price Index,CPT01190,Other food,,,Total country,,,Index,Dec 2024 = 100,RELEASE: 2026 07,START: 2008 01,monthly
P0141,Consumer Price Index,CPT01200,Non-alcoholic beverages,,,Total country,,,Index,Dec 2024 = 100,RELEASE: 2026 07,START: 2008 01,monthly
P0141,Consumer Price Index,CPT01210,Hot beverages,,,Total country,,,Index,Dec 2024 = 100,RELEASE: 2026 07,START: 2008 01,monthly
P0141,Consumer Price Index,CPT01220,Cold beverages,,,Total country,,,Index,Dec 2024 = 100,RELEASE: 2026 07,START: 2008 01,monthly
P0141,Consumer Price Index,CPT02000,Alcoholic beverages and tobacco,,,Total country,,,Index,Dec 2024 = 100,RELEASE: 2026 07,START: 2008 01,monthly
P0141,Consumer Price Index,CPT02100,Alcoholic beverages,,,Total country,,,Index,Dec 2024 = 100,RELEASE: 2026 07,START: 2008 01,monthly
P0141,Consumer Price Index,CPT02110,Spirits and liqueurs,,,Total country,,,Index,Dec 2024 = 100,RELEASE: 2026 07,START: 2008 01,monthly
P0141,Consumer Price Index,CPT02120,Wine,,,Total country,,,Index,Dec 2024 = 100,RELEASE: 2026 07,START: 2008 01,monthly
P0141,Consumer Price Index,CPT02130,Beer,,,Total country,,,Index,Dec 2024 = 100,RELEASE: 2026 07,START: 2008 01,monthly
P0141,Consumer Price Index,CPT02200,Tobacco,,,Total country,,,Index,Dec 2024 = 100,RELEASE: 2026 07,START: 2008 01,monthly
P0141,Consumer Price Index,CPT03000,Clothing and footwear,,,Total country,,,Index,Dec 2024 = 100,RELEASE: 2026 07,START: 2008 01,monthly
P0141,Consumer Price Index,CPT03100,Clothing,,,Total country,,,Index,Dec 2024 = 100,RELEASE: 2026 07,START: 2008 01,monthly
P0141,Consumer Price Index,CPT03200,Footwear,,,Total country,,,Index,Dec 2024 = 100,RELEASE: 2026 07,START: 2008 01,monthly
P0141,Consumer Price Index,CPT04000,Housing and utilities,,,Total country,,,Index,Dec 2024 = 100,RELEASE: 2026 07,START: 2008 01,monthly
P0141,Consumer Price Index,CPT04100,Actual rentals for housing,,,Total country,,,Index,Dec 2024 = 100,RELEASE: 2026 07,START: 2008 01,monthly
P0141,Consumer Price Index,CPT04200,Owners equivalent rent,,,Total country,,,Index,Dec 2024 = 100,RELEASE: 2026 07,START: 2008 01,monthly
P0141,Consumer Price Index,CPT04300,Maintenance and repair,,,Total country,,,Index,Dec 2024 = 100,RELEASE: 2026 07,START: 2008 01,monthly
P0141,Consumer Price Index,CPT04400,Water supply and miscellaneous services,,,Total country,,,Index,Dec 2024 = 100,RELEASE: 2026 07,START: 2008 01,monthly
P0141,Consumer Price Index,CPT04500,"Electricity, gas and other fuels",,,Total country,,,Index,Dec 2024 = 100,RELEASE: 2026 07,START: 2008 01,monthly
P0141,Consumer Price Index,CPT05000,"Furnishings, household equipment and routine maintenance",,,Total country,,,Index,Dec 2024 = 100,RELEASE: 2026 07,START: 2008 01,monthly
P0141,Consumer Price Index,CPT05100,"Furniture, furnishings and loose carpets",,,Total country,,,Index,Dec 2024 = 100,RELEASE: 2026 07,START: 2008 01,monthly
P0141,Consumer Price Index,CPT05300,"Household textiles, appliances, tableware and equipment",,,Total country,,,Index,Dec 2024 = 100,RELEASE: 2026 07,START: 2008 01,monthly
P0141,Consumer Price Index,CPT05600,Goods and services for routine household maintenance,,,Total country,,,Index,Dec 2024 = 100,RELEASE: 2026 07,START: 2008 01,monthly
P0141,Consumer Price Index,CPT05621,Domestic services,,,Total country,,,Index,Dec 2024 = 100,RELEASE: 2026 07,START: 2008 01,monthly
P0141,Consumer Price Index,CPT06000,Health,,,Total country,,,Index,Dec 2024 = 100,RELEASE: 2026 07,START: 2008 01,monthly
P0141,Consumer Price Index,CPT06100,Medicines and health products,,,Total country,,,Index,Dec 2024 = 100,RELEASE: 2026 07,START: 2008 01,monthly
P0141,Consumer Price Index,CPT06200,Health services,,,Total country,,,Index,Dec 2024 = 100,RELEASE: 2026 07,START: 2008 01,monthly
P0141,Consumer Price Index,CPT07000,Transport,,,Total country,,,Index,Dec 2024 = 100,RELEASE: 2026 07,START: 2008 01,monthly
P0141,Consumer Price Index,CPT07100,Purchase of vehicles,,,Total country,,,Index,Dec 2024 = 100,RELEASE: 2026 07,START: 2008 01,monthly
P0141,Consumer Price Index,CPT07200,Operation of personal transport equipment,,,Total country,,,Index,Dec 2024 = 100,RELEASE: 2026 07,START: 2008 01,monthly
P0141,Consumer Price Index,CPT07221,Fuel,,,Total country,,,Index,Dec 2024 = 100,RELEASE: 2026 07,START: 2008 01,monthly
P0141,Consumer Price Index,CPT07222,Other goods and services,,,Total country,,,Index,Dec 2024 = 100,RELEASE: 2026 07,START: 2008 01,monthly
P0141,Consumer Price Index,CPT07300,Passenger transport services,,,Total country,,,Index,Dec 2024 = 100,RELEASE: 2026 07,START: 2008 01,monthly
P0141,Consumer Price Index,CPT07400,Transport services of goods,,,Total country,,,Index,Dec 2024 = 100,RELEASE: 2026 07,START: 2024 12,monthly
P0141,Consumer Price Index,CPT08000,Information and communication,,,Total country,,,Index,Dec 2024 = 100,RELEASE: 2026 07,START: 2008 01,monthly
P0141,Consumer Price Index,CPT08100,Information and communication equipment,,,Total country,,,Index,Dec 2024 = 100,RELEASE: 2026 07,START: 2008 01,monthly
P0141,Consumer Price Index,CPT08300,Information and communication services,,,Total country,,,Index,Dec 2024 = 100,RELEASE: 2026 07,START: 2008 01,monthly
P0141,Consumer Price Index,CPT09000,"Recreation, sport and culture",,,Total country,,,Index,Dec 2024 = 100,RELEASE: 2026 07,START: 2008 01,monthly
P0141,Consumer Price Index,CPT09100,Recreational goods,,,Total country,,,Index,Dec 2024 = 100,RELEASE: 2026 07,START: 2008 01,monthly
P0141,Consumer Price Index,CPT09400,Recreational and cultural services,,,Total country,,,Index,Dec 2024 = 100,RELEASE: 2026 07,START: 2008 01,monthly
P0141,Consumer Price Index,CPT09500,"Newspapers, books and stationery",,,Total country,,,Index,Dec 2024 = 100,RELEASE: 2026 07,START: 2008 01,monthly
P0141,Consumer Price Index,CPT09600,Package holidays,,,Total country,,,Index,Dec 2024 = 100,RELEASE: 2026 07,START: 2012 12,monthly
P0141,Consumer Price Index,CPT10000,Education,,,Total country,,,Index,Dec 2024 = 100,RELEASE: 2026 07,START: 2008 01,monthly
P0141,Consumer Price Index,CPT10100,Primary and secondary education,,,Total country,,,Index,Dec 2024 = 100,RELEASE: 2026 07,START: 2008 01,monthly
P0141,Consumer Price Index,CPT10400,Tertiary education,,,Total country,,,Index,Dec 2024 = 100,RELEASE: 2026 07,START: 2008 01,monthly
P0141,Consumer Price Index,CPT11000,Restaurants and accommodation services,,,Total country,,,Index,Dec 2024 = 100,RELEASE: 2026 07,START: 2008 01,monthly
P0141,Consumer Price Index,CPT11100,Restaurants,,,Total country,,,Index,Dec 2024 = 100,RELEASE: 2026 07,START: 2008 01,monthly
P0141,Consumer Price Index,CPT11200,Accommodation services,,,Total country,,,Index,Dec 2024 = 100,RELEASE: 2026 07,START: 2008 01,monthly
P0141,Consumer Price Index,CPT12000,Insurance and financial services,,,Total country,,,Index,Dec 2024 = 100,RELEASE: 2026 07,START: 2024 12,monthly
P0141,Consumer Price Index,CPT12100,Insurance,,,Total country,,,Index,Dec 2024 = 100,RELEASE: 2026 07,START: 2008 01,monthly
P0141,Consumer Price Index,CPT12200,Financial services,,,Total country,,,Index,Dec 2024 = 100,RELEASE: 2026 07,START: 2008 01,monthly
P0141,Consumer Price Index,CPT13000,Personal care and miscellaneous services,,,Total country,,,Index,Dec 2024 = 100,RELEASE: 2026 07,START: 2008 01,monthly
P0141,Consumer Price Index,CPT13100,Personal care,,,Total country,,,Index,Dec 2024 = 100,RELEASE: 2026 07,START: 2008 01,monthly
P0141,Consumer Price Index,CPT13900,Other services,,,Total country,,,Index,Dec 2024 = 100,RELEASE: 2026 07,START: 2008 01,monthly
P0141,Consumer Price Index,CPTD0001,Total country,Expenditure deciles,1,Total country,,,Index,Dec 2024 = 100,RELEASE: 2026 07,START: 2008 01,monthly
P0141,Consumer Price Index,CPTD0002,Total country,Expenditure deciles,2,Total country,,,Index,Dec 2024 = 100,RELEASE: 2026 07,START: 2008 01,monthly
P0141,Consumer Price Index,CPTD0003,Total country,Expenditure deciles,3,Total country,,,Index,Dec 2024 = 100,RELEASE: 2026 07,START: 2008 01,monthly
P0141,Consumer Price Index,CPTD0004,Total country,Expenditure deciles,4,Total country,,,Index,Dec 2024 = 100,RELEASE: 2026 07,START: 2008 01,monthly
P0141,Consumer Price Index,CPTD0005,Total country,Expenditure deciles,5,Total country,,,Index,Dec 2024 = 100,RELEASE: 2026 07,START: 2008 01,monthly
P0141,Consumer Price Index,CPTD0006,Total country,Expenditure deciles,6,Total country,,,Index,Dec 2024 = 100,RELEASE: 2026 07,START: 2008 01,monthly
P0141,Consumer Price Index,CPTD0007,Total country,Expenditure deciles,7,Total country,,,Index,Dec 2024 = 100,RELEASE: 2026 07,START: 2008 01,monthly
P0141,Consumer Price Index,CPTD0008,Total country,Expenditure deciles,8,Total country,,,Index,Dec 2024 = 100,RELEASE: 2026 07,START: 2008 01,monthly
P0141,Consumer Price Index,CPTD0009,Total country,Expenditure deciles,9,Total country,,,Index,Dec 2024 = 100,RELEASE: 2026 07,START: 2008 01,monthly
P0141,Consumer Price Index,CPTD0010,Total country,Expenditure deciles,10,Total country,,,Index,Dec 2024 = 100,RELEASE: 2026 07,START: 2008 01,monthly
P6242_1,Retail trade sales,con_S621C,Type of dealer,General dealers,,,At constant prices,Actual values,,,Release: 2026 07,Start: 2008 01,Monthly
P6242_1,Retail trade sales,con_S6220,Type of dealer,"Retailers of food, beverages and tobacco in specialised stores",,,At constant prices,Actual values,,,Release: 2026 07,Start: 2008 01,Monthly
P6242_1,Retail trade sales,con_S6231,Type of dealer,"Retailers in pharmaceutical and medical goods,cosmetics and toiletries",,,At constant prices,Actual values,,,Release: 2026 07,Start: 2008 01,Monthly
P6242_1,Retail trade sales,con_S6232,Type of dealer,"Retailers in textiles,clothing,footwear and leather goods",,,At constant prices,Actual values,,,Release: 2026 07,Start: 2008 01,Monthly
P6242_1,Retail trade sales,con_S6233,Type of dealer,"Retailers in household furniture,appliances and equipment",,,At constant prices,Actual values,,,Release: 2026 07,Start: 2008 01,Monthly
P6242_1,Retail trade sales,con_S6234,Type of dealer,"Retailers in hardware,paint and glass",,,At constant prices,Actual values,,,Release: 2026 07,Start: 2008 01,Monthly
P6242_1,Retail trade sales,con_S6239,Type of dealer,All other retailers,,,At constant prices,Actual values,,,Release: 2026 07,Start: 2008 01,Monthly
P6242_1,Retail trade sales,con_act,Total,,,,At constant prices,Actual values,,,Release: 2026 07,Start: 2002 01,Monthly
P6242_1,Retail trade sales,con_seas,Total,,,,At constant prices,Seasonally adjusted values,,,Release: 2026 07,Start: 2002 01,Monthly
P6242_1,Retail trade sales,cur_act,Total,,,,At current prices,Actual values,,,Release: 2026 07,Start: 2002 01,Monthly
P6242_1,Retail trade sales,cur_seas,Total,,,,At current prices,Seasonally adjusted values,,,Release: 2026 07,Start: 2002 01,Monthly
P6242_1,Retail trade sales,sales621C,Type of dealer,General dealers,,,At current prices,Actual values,,,Release: 2026 07,Start: 2005 01,Monthly
P6242_1,Retail trade sales,sales6220,Type of dealer,"Retailers of food, beverages and tobacco in specialised stores",,,At current prices,Actual values,,,Release: 2026 07,Start: 2005 01,Monthly
P6242_1,Retail trade sales,sales6231,Type of dealer,"Retailers in pharmaceutical and medical goods,cosmetics and toiletries",,,At current prices,Actual values,,,Release: 2026 07,Start: 2005 01,Monthly
P6242_1,Retail trade sales,sales6232,Type of dealer,"Retailers in textiles,clothing,footwear and leather goods",,,At current prices,Actual values,,,Release: 2026 07,Start: 2005 01,Monthly
P6242_1,Retail trade sales,sales6233,Type of dealer,"Retailers in household furniture,appliances and equipment",,,At current prices,Actual values,,,Release: 2026 07,Start: 2005 01,Monthly
P6242_1,Retail trade sales,sales6234,Type of dealer,"Retailers in hardware,paint and glass",,,At current prices,Actual values,,,Release: 2026 07,Start: 2005 01,Monthly
P6242_1,Retail trade sales,sales6239,Type of dealer,All other retailers,,,At current prices,Actual values,,,Release: 2026 07,Start: 2005 01,Monthly
P6242_1,Retail trade sales,sales621C_D11,Type of dealer,General dealers,,,At current prices,Seasonally adjusted values,,,Release: 2026 07,Start: 2005 01,Monthly
P6242_1,Retail trade sales,sales6220_D11,Type of dealer,"Retailers of food, beverages and tobacco in specialised stores",,,At current prices,Seasonally adjusted values,,,Release: 2026 07,Start: 2005 01,Monthly
P6242_1,Retail trade sales,sales6231_D11,Type of dealer,"Retailers in pharmaceutical and medical goods,cosmetics and toiletries",,,At current prices,Seasonally adjusted values,,,Release: 2026 07,Start: 2005 01,Monthly
P6242_1,Retail trade sales,sales6232_D11,Type of dealer,"Retailers in textiles,clothing,footwear and leather goods",,,At current prices,Seasonally adjusted values,,,Release: 2026 07,Start: 2005 01,Monthly
P6242_1,Retail trade sales,sales6233_D11,Type of dealer,"Retailers in household furniture,appliances and equipment",,,At current prices,Seasonally adjusted values,,,Release: 2026 07,Start: 2005 01,Monthly
P6242_1,Retail trade sales,sales6234_D11,Type of dealer,"Retailers in hardware,paint and glass",,,At current prices,Seasonally adjusted values,,,Release: 2026 07,Start: 2005 01,Monthly
P6242_1,Retail trade sales,sales6239_D11,Type of dealer,All other retailers,,,At current prices,Seasonally adjusted values,,,Release: 2026 07,Start: 2005 01,Monthly
P6242_1,Retail trade sales,con_S621C_D11,Type of dealer,General dealers,,,At constant prices,Seasonally adjusted values,,,Release: 2026 07,Start: 2008 01,Monthly
P6242_1,Retail trade sales,con_S6220_D11,Type of dealer,"Retailers of food, beverages and tobacco in specialised stores",,,At constant prices,Seasonally adjusted values,,,Release: 2026 07,Start: 2008 01,Monthly
P6242_1,Retail trade sales,con_S6231_D11,Type of dealer,"Retailers in pharmaceutical and medical goods,cosmetics and toiletries",,,At constant prices,Seasonally adjusted values,,,Release: 2026 07,Start: 2008 01,Monthly
P6242_1,Retail trade sales,con_S6232_D11,Type of dealer,"Retailers in textiles,clothing,footwear and leather goods",,,At constant prices,Seasonally adjusted values,,,Release: 2026 07,Start: 2008 01,Monthly
P6242_1,Retail trade sales,con_S6233_D11,Type of dealer,"Retailers in household furniture,appliances and equipment",,,At constant prices,Seasonally adjusted values,,,Release: 2026 07,Start: 2008 01,Monthly
P6242_1,Retail trade sales,con_S6234_D11,Type of dealer,"Retailers in hardware,paint and glass",,,At constant prices,Seasonally adjusted values,,,Release: 2026 07,Start: 2008 01,Monthly
P6242_1,Retail trade sales,con_S6239_D11,Type of dealer,All other retailers,,,At constant prices,Seasonally adjusted values,,,Release: 2026 07,Start: 2008 01,Monthly
